-- MySQL dump 10.13  Distrib 8.0.27, for Linux (x86_64)
--
-- Host: localhost    Database: socialdb
-- ------------------------------------------------------
-- Server version	8.0.27

/*!40101 SET @OLD_CHARACTER_SET_CLIENT=@@CHARACTER_SET_CLIENT */;
/*!40101 SET @OLD_CHARACTER_SET_RESULTS=@@CHARACTER_SET_RESULTS */;
/*!40101 SET @OLD_COLLATION_CONNECTION=@@COLLATION_CONNECTION */;
/*!50503 SET NAMES utf8mb4 */;
/*!40103 SET @OLD_TIME_ZONE=@@TIME_ZONE */;
/*!40103 SET TIME_ZONE='+00:00' */;
/*!40014 SET @OLD_UNIQUE_CHECKS=@@UNIQUE_CHECKS, UNIQUE_CHECKS=0 */;
/*!40014 SET @OLD_FOREIGN_KEY_CHECKS=@@FOREIGN_KEY_CHECKS, FOREIGN_KEY_CHECKS=0 */;
/*!40101 SET @OLD_SQL_MODE=@@SQL_MODE, SQL_MODE='NO_AUTO_VALUE_ON_ZERO' */;
/*!40111 SET @OLD_SQL_NOTES=@@SQL_NOTES, SQL_NOTES=0 */;

--
-- Table structure for table `interest`
--

DROP TABLE IF EXISTS `interest`;
/*!40101 SET @saved_cs_client     = @@character_set_client */;
/*!50503 SET character_set_client = utf8mb4 */;
CREATE TABLE `interest` (
  `id` int NOT NULL AUTO_INCREMENT,
  `name` varchar(255) NOT NULL,
  PRIMARY KEY (`id`),
  UNIQUE KEY `name` (`name`)
) ENGINE=InnoDB AUTO_INCREMENT=6 DEFAULT CHARSET=utf8mb4 COLLATE=utf8mb4_0900_ai_ci;
/*!40101 SET character_set_client = @saved_cs_client */;

--
-- Dumping data for table `interest`
--

LOCK TABLES `interest` WRITE;
/*!40000 ALTER TABLE `interest` DISABLE KEYS */;
INSERT INTO `interest` VALUES (3,'компьютерные игры'),(4,'музыка'),(5,'путешествия'),(1,'спорт'),(2,'фильмы');
/*!40000 ALTER TABLE `interest` ENABLE KEYS */;
UNLOCK TABLES;

--
-- Table structure for table `schema_migrations`
--

DROP TABLE IF EXISTS `schema_migrations`;
/*!40101 SET @saved_cs_client     = @@character_set_client */;
/*!50503 SET character_set_client = utf8mb4 */;
CREATE TABLE `schema_migrations` (
  `version` bigint NOT NULL,
  `dirty` tinyint(1) NOT NULL,
  PRIMARY KEY (`version`)
) ENGINE=InnoDB DEFAULT CHARSET=utf8mb4 COLLATE=utf8mb4_0900_ai_ci;
/*!40101 SET character_set_client = @saved_cs_client */;

--
-- Dumping data for table `schema_migrations`
--

LOCK TABLES `schema_migrations` WRITE;
/*!40000 ALTER TABLE `schema_migrations` DISABLE KEYS */;
INSERT INTO `schema_migrations` VALUES (4,0);
/*!40000 ALTER TABLE `schema_migrations` ENABLE KEYS */;
UNLOCK TABLES;

--
-- Table structure for table `user`
--

DROP TABLE IF EXISTS `user`;
/*!40101 SET @saved_cs_client     = @@character_set_client */;
/*!50503 SET character_set_client = utf8mb4 */;
CREATE TABLE `user` (
  `id` int NOT NULL AUTO_INCREMENT,
  `name` varchar(255) NOT NULL,
  `surname` varchar(255) NOT NULL,
  `avatar` varchar(255) DEFAULT '',
  `age` tinyint unsigned NOT NULL,
  `gender` enum('male','female') NOT NULL,
  `city` varchar(255) NOT NULL,
  `email` varchar(255) NOT NULL,
  `password` varchar(255) NOT NULL,
  PRIMARY KEY (`id`),
  UNIQUE KEY `email` (`email`)
) ENGINE=InnoDB AUTO_INCREMENT=501 DEFAULT CHARSET=utf8mb4 COLLATE=utf8mb4_0900_ai_ci;
/*!40101 SET character_set_client = @saved_cs_client */;

--
-- Dumping data for table `user`
--

LOCK TABLES `user` WRITE;
/*!40000 ALTER TABLE `user` DISABLE KEYS */;
INSERT INTO `user` VALUES (1,'Светлана','Зиновьева','https://randomuser.me/api/portraits/women/12.jpg',16,'female','Себеж','0Gregory64@yandex.ru','$2a$10$mfYD72OREY9R4eNBBFOQe.Z5AAYQHJbBbZyQDBKcp9TxlTEBI.LiC'),(2,'Роман','Сергеев','https://randomuser.me/api/portraits/men/36.jpg',33,'male','Сосногорск','1Eldred54@yahoo.com','$2a$10$6kFW7/DuuMqFFGBDzVYL.OHlMMOxYkNGcwzI6LJ3RbSlmtnWyXtkq'),(3,'Тамара','Суворова','https://randomuser.me/api/portraits/women/91.jpg',50,'female','Североморск','2Juvenal.78@ya.ru','$2a$10$eQcWtK0wcnmBGj0XFKtYE.dQIi9g19Kwbj9ISFJZbQ3XvReLfnkfm'),(4,'Вадим','Дементьев','https://randomuser.me/api/portraits/men/18.jpg',61,'male','Севск','3Vella26@hotmail.com','$2a$10$satcvpCc/JeNBg2/Ja8oYel0AUAElMWgNJ7rEb/6WfZFMCmIuKTgO'),(5,'Лариса','Калашникова','https://randomuser.me/api/portraits/women/72.jpg',53,'female','Перевоз','4Noelia.@hotmail.com','$2a$10$cDnn7pycwy8rpamIQTf0t.0GWUAcYExTIEd7UIJMsFSaZ7wLQ.loy'),(6,'Анастасия','Шарова','https://randomuser.me/api/portraits/women/13.jpg',38,'female','Тольятти','5Queenie.79@mail.ru','$2a$10$nQMbllbwh1aoPI/J5dr1rOU2Srdu3maOShBdmC8l1dV5jV4joGxJu'),(7,'Андрей','Логинов','https://randomuser.me/api/portraits/men/72.jpg',36,'male','Кодинск','6Lance.48@yandex.ru','$2a$10$tn4h4qlJIH.3ZwzJhW8jhu3BUbmpsPl5uZD2YPtGpSgWNu8ctAC9e'),(8,'Николай','Цветков','https://randomuser.me/api/portraits/men/57.jpg',47,'male','Нязепетровск','7Jasper54@mail.ru','$2a$10$Oc9DhaLDLIPL.vRNstvuguBR1WQBvora7TtNguF4z69hZXFMZyfQu'),(9,'Ангелина','Абрамова','https://randomuser.me/api/portraits/women/42.jpg',61,'female','Волгодонск','8Emil_@yahoo.com','$2a$10$TRoZF8An8KcCAy/1caGuAugI9B90KRJwUBHJHdxwrGXFrQJFcMCwu'),(10,'Егор','Федоров','https://randomuser.me/api/portraits/men/74.jpg',31,'male','Богучар','9Daryl43@yahoo.com','$2a$10$UsAd19NTBfeZg5kkSTlzT.zBW703Al8L7h898KhpEvfg/6alzEy7u'),(11,'Роман','Фомичев','https://randomuser.me/api/portraits/men/77.jpg',34,'male','Валдай','10Arvilla_@hotmail.com','$2a$10$RO8lwQ1aQHb4w0IBzCcr5uz1Rg6K0Arroax/sXXBCC7IkfSf4typ6'),(12,'Тамара','Боброва','https://randomuser.me/api/portraits/women/54.jpg',35,'female','Ужур','11Rogelio.@mail.ru','$2a$10$Y/gGsKBWToiCHDjpm1g2Q.iIKefOP/R1fEsdPU/uynqwbSBfYlgLK'),(13,'Юлия','Евдокимова','https://randomuser.me/api/portraits/women/63.jpg',63,'female','Николаевск','12Elisha50@yandex.ru','$2a$10$qPFR6K/Z7kAroJGePmM/ROr1cpuJzThnL4OqjPcK7XSbwPGfn4Y4q'),(14,'Тамара','Кузьмина','https://randomuser.me/api/portraits/women/49.jpg',15,'female','Волгореченск','13Hayden21@mail.ru','$2a$10$99ZtIjK1/LZPTi95ovfepuP4NEoDt90RrZA4qnjfbdiRE42.V/Mnm'),(15,'Анатолий','Горбунов','https://randomuser.me/api/portraits/men/65.jpg',49,'male','Ханты-Мансийск','14Doris97@yandex.ru','$2a$10$rDEGLyOXz5ZcyHrfY7noSeCzixJL/AzzNoluD04BO4nNgfRxZIjxa'),(16,'Алексей','Борисов','https://randomuser.me/api/portraits/men/85.jpg',63,'male','Козьмодемьянск','15Jacques_18@hotmail.com','$2a$10$nbkCQZo2hPOllwNsxePKPu65ygC9w9vImGWVFuMVKt.9Uvpi/D83K'),(17,'София','Шестакова','https://randomuser.me/api/portraits/women/18.jpg',44,'female','Унеча','16Jakob_@hotmail.com','$2a$10$DdkCMqQ2aXKcnadSyi2l0egAqPU9.hXcKv80EJdR5fxs11fCHpDv6'),(18,'Алексей','Беспалов','https://randomuser.me/api/portraits/men/64.jpg',42,'male','Белово','17Beatrice12@gmail.com','$2a$10$LFkA3Q8Jv1bVkaLG1DaBdeaLDf8EEBGvcwC.KX7ue1W7p0DQSQz7K'),(19,'Ярослав','Зайцев','https://randomuser.me/api/portraits/men/21.jpg',31,'male','Горбатов','18Milo.@gmail.com','$2a$10$/Wk1NAiFRusYSZzxhLs8POdd/H/pZTCuATQ7Hn3EZkkLGFiJKj0Je'),(20,'Андрей','Панфилов','https://randomuser.me/api/portraits/men/68.jpg',47,'male','Обь','19Shany72@ya.ru','$2a$10$lK.rsUMjCzA0dPZAwgknqukMnu5rU30TCvG6ItylVlG0S16Mqb2Jq'),(21,'Ольга','Шашкова','https://randomuser.me/api/portraits/women/70.jpg',63,'female','Асбест','20Nathanael96@yandex.ru','$2a$10$PJMfVIB5xK6TMe1v59Paye5wPICDzoLZ76z6/T2gWKbNSVH8v8NRK'),(22,'Таисия','Турова','https://randomuser.me/api/portraits/women/2.jpg',50,'female','Ленинск-Кузнецкий','21Virgie14@yandex.ru','$2a$10$urAIZrAJIkPM9STSqMfum.pAWbZOAv3xSY7cidShhCrlU4wh9XCL.'),(23,'Ярослав','Шарапов','https://randomuser.me/api/portraits/men/48.jpg',48,'male','Красноармейск','22Keeley_44@yandex.ru','$2a$10$GiX84XgO1qtNZWwgdBJbzeMB1C/7pbkYalJmZ2oDjtnt3saJ27xTG'),(24,'Людмила','Афанасьева','https://randomuser.me/api/portraits/women/93.jpg',39,'female','Цивильск','23Sierra_@mail.ru','$2a$10$XxifnNCGZsxFq6Cu.fdSdeDF0BMvBeXUREvcPsFyNkAtAWbrWj4Se'),(25,'Степан','Кудряшов','https://randomuser.me/api/portraits/men/45.jpg',65,'male','Борзя','24Mozell.27@hotmail.com','$2a$10$osSlB/3IUBznxI.Zvr5a5ufxW56wEvLMxVmRM932x./tKMrkEgxAG'),(26,'Даниил','Лаврентьев','https://randomuser.me/api/portraits/men/8.jpg',70,'male','Кирс','25Daryl86@yahoo.com','$2a$10$hLBVM3ZaJ0z6p8VDyhcXiuXPoiwHf.J0N7Wk36IRUMVQwHpHolOd.'),(27,'Любовь','Белоусова','https://randomuser.me/api/portraits/women/81.jpg',64,'female','Южноуральск','26Rachelle_89@yandex.ru','$2a$10$coR9pKkqrh1dbZZ5a/l7QOikrxBURYNL2QlUvnq3aw4/Milba6WDm'),(28,'Александра','Сафонова','https://randomuser.me/api/portraits/women/59.jpg',24,'female','Обнинск','27Syble_@ya.ru','$2a$10$ovw.pNEd3ibVgWuAse/JpOF8GV80TG/Kz9VFpLpLJHHEKIXokII0S'),(29,'Вера','Афанасьева','https://randomuser.me/api/portraits/women/69.jpg',37,'female','Жирновск','28Elta73@ya.ru','$2a$10$Cs9XQSQPlbnr52vrxwUZBe0KKvO5C2g9rHUgrkXYUVXbIWeeCTpyK'),(30,'Эдуард','Кулагин','https://randomuser.me/api/portraits/men/53.jpg',39,'male','Меленки','29Isabelle_@ya.ru','$2a$10$.UfuTiv07udpDREYSWsxFOSiXBzGi4jPM0MzBQ0JgyWLTWRXD91Um'),(31,'Виктор','Красильников','https://randomuser.me/api/portraits/men/64.jpg',54,'male','Невельск','30Aryanna.1@ya.ru','$2a$10$Sq3s1JAu7IOxeKgJV9tpiunrSpARphF1quGbS5wpPDXp658gUXFNG'),(32,'Сергей','Рябов','https://randomuser.me/api/portraits/men/15.jpg',62,'male','Новый Уренгой','31Lavinia_11@yandex.ru','$2a$10$wrpmEfCUVr7OV5fV239NdORloClZ1SVJ1sgDB6f77h.lZGux4AmCG'),(33,'Маргарита','Колобова','https://randomuser.me/api/portraits/women/84.jpg',51,'female','Рыбное','32Yvonne58@yahoo.com','$2a$10$U4/STAdKO6tOufxyDBPc2.HWTAseV1VerweW8OQ.W6HiJepx8HNVu'),(34,'Арина','Русакова','https://randomuser.me/api/portraits/women/60.jpg',27,'female','Елец','33Nasir73@gmail.com','$2a$10$HoWez5Lo0LaIBA4zrzLM2O3qZrZSIhnTg4m0Krs3KMNHCtL3dQK2u'),(35,'Григорий','Муравьев','https://randomuser.me/api/portraits/men/47.jpg',20,'male','Жуков','34Nicolas.@yandex.ru','$2a$10$zGAzakz3EhCEmpPqK4RurOMm7EruBkFiJaBJPD3FpvtiVu9LDUMYy'),(36,'Жанна','Лазарева','https://randomuser.me/api/portraits/women/59.jpg',60,'female','Нытва','35Jeramie_71@yandex.ru','$2a$10$0y5RbbC0LFxkT8SZ0WUxfO4EXn052gd7WqCo5/kwERF4QddemI1Nm'),(37,'Зинаида','Молчанова','https://randomuser.me/api/portraits/women/71.jpg',29,'female','Усинск','36Alicia73@mail.ru','$2a$10$Kfpmz7zfriB66EWk.HMCHOIbB6Y6hbUEDajsxyCecJN8wLIkvNWP2'),(38,'Сергей','Елисеев','https://randomuser.me/api/portraits/men/71.jpg',41,'male','Кяхта','37Antwon.@yandex.ru','$2a$10$jngsF9pXdWwjYgpnVemyXOI0hv53z/n5zKi/KMqO6Qe4xR09DL4nG'),(39,'Макар','Меркушев','https://randomuser.me/api/portraits/men/97.jpg',27,'male','Минеральные Воды','38Makayla_@gmail.com','$2a$10$HiY7xmrJ6XuAqu.KlIsoxuWEYkEVHbYcg29wv5x1De6ex.pGgW64G'),(40,'Андрей','Борисов','https://randomuser.me/api/portraits/men/55.jpg',57,'male','Углегорск','39Orin89@ya.ru','$2a$10$WsA9seB3YaO2UaDh1cIqc.hxOvp/HtMwghTZtdam2pQg6Y4SmQCLK'),(41,'Илья','Орлов','https://randomuser.me/api/portraits/men/79.jpg',22,'male','Ефремов','40Nelson.25@gmail.com','$2a$10$yOX9JP.g13KsuzQiGkWAAeqk/SJBggAssqwKkRImm2TGj2tyVtxIu'),(42,'Василий','Панов','https://randomuser.me/api/portraits/men/99.jpg',34,'male','Волчанск','41Federico_@yandex.ru','$2a$10$0u9FPKkeDcnGCmh3bKsEtu84tnZNDI1/1RXzErvl3qzUmFiQe587.'),(43,'Таисия','Абрамова','https://randomuser.me/api/portraits/women/7.jpg',69,'female','Пенза','42Leta_@hotmail.com','$2a$10$UZI7cke85whXW5py4m4MvuLUyYckBDUEyu7QeWP1R6xgzwmdTAjP6'),(44,'Лука','Афанасьев','https://randomuser.me/api/portraits/men/54.jpg',66,'male','Тихвин','43Steve70@yandex.ru','$2a$10$eMmWpNhFWasHGKeXPgx0huWs5kuQ0rKe7DIIWvW6YwjcTjRKnpeaq'),(45,'Валерий','Капустин','https://randomuser.me/api/portraits/men/57.jpg',12,'male','Кушва','44Eunice19@ya.ru','$2a$10$g8yNjebESGUeOhm4Q8kZNOfcQc5/JNriGx0/jubYNat8JTJmsSUfm'),(46,'Кира','Молчанова','https://randomuser.me/api/portraits/women/92.jpg',50,'female','Пионерский','45Ronny58@yandex.ru','$2a$10$01T8sKRNvw1h/kAG/gHDB.dW5DrN7O.Lw71s0Vf/TfLsLZsBDeV52'),(47,'Леонид','Буров','https://randomuser.me/api/portraits/men/51.jpg',63,'male','Слободской','46Brionna.71@ya.ru','$2a$10$PYcas/3YZvFAx2rikn3sYus0jQIGqK0qx4PJbkbNf.SgPnfu2vwzG'),(48,'Василий','Лазарев','https://randomuser.me/api/portraits/men/87.jpg',13,'male','Новохопёрск','47Emilio41@yandex.ru','$2a$10$p4jPbj.lxsLFQdllyQMQN.tqN/oa5kBCCBaMmavPvDjchhf/0E0I6'),(49,'Юлия','Владимирова','https://randomuser.me/api/portraits/women/35.jpg',54,'female','Весьегонск','48Norma.45@mail.ru','$2a$10$FJ4IIfLVETSRDel1E2gfku0.guY.1LNciq8rS2py3s3DDsrNNkHw.'),(50,'Виктор','Федотов','https://randomuser.me/api/portraits/men/42.jpg',44,'male','Чердынь','49Barry21@hotmail.com','$2a$10$SYLQlHCGeMtxbHfjTA1bYehZEPRRJF8HaNdzwmRtCP.nz8uVkVlHa'),(51,'Сергей','Абрамов','https://randomuser.me/api/portraits/men/71.jpg',38,'male','Малоярославец','50Jerod19@yandex.ru','$2a$10$TFtsYjoyJjyybakwxGhZ/eZYGJjSXKhDl6kN29gbMW/zVa96v3AIO'),(52,'Ярослав','Никонов','https://randomuser.me/api/portraits/men/41.jpg',66,'male','Светогорск','51Bradly_48@ya.ru','$2a$10$D5PZA1paR8ARAoWgc3oH5uXR5gprfcLKj5bX4R05tHQN9hNEgwp/.'),(53,'Ирина','Семенова','https://randomuser.me/api/portraits/women/71.jpg',65,'female','Анжеро-Судженск','52Jace.28@yandex.ru','$2a$10$sV7PDwaMtD9zLmegUTFUvOolv3jsXPqp8nEKunNB.odQ2WnHmQpo.'),(54,'Валентина','Блохина','https://randomuser.me/api/portraits/women/45.jpg',32,'female','Санкт-Петербург','53Chase.@hotmail.com','$2a$10$Iy9b2K.JcGEfrvte937NFuqjEcMbEA.wdcyCpTt0G.4pgsl41Z2MO'),(55,'Оксана','Ефимова','https://randomuser.me/api/portraits/women/47.jpg',54,'female','Любань','54Nettie_93@ya.ru','$2a$10$Q9p7IILS2VI3JB1CJx/1nOcD9BjK3zai3uZ7hYIyrOX.ZPDuavwHm'),(56,'Арина','Журавлева','https://randomuser.me/api/portraits/women/69.jpg',18,'female','Кириши','55Kaia9@gmail.com','$2a$10$3AEUP0KxQYbVIVkBkYfo2.XcppMLvihqH1VM9/ycv0Q4D2MZyGqiS'),(57,'Ольга','Ильина','https://randomuser.me/api/portraits/women/78.jpg',26,'female','Елабуга','56Velda16@gmail.com','$2a$10$rFtcCUSMuZ7AR/hmyRGhquw1Qh..fYOiF7UAtZWuGrr26pWzaUmBS'),(58,'Василий','Юдин','https://randomuser.me/api/portraits/men/60.jpg',23,'male','Таруса','57Wiley78@hotmail.com','$2a$10$ZuoNrPYt0rdRCtxHkcN1fOJvvIXnLeHufRkCZ6a3tchOUS.ycSjlW'),(59,'Георгий','Карпов','https://randomuser.me/api/portraits/men/89.jpg',60,'male','Сосногорск','58Jessika12@mail.ru','$2a$10$2hgslOkryD0/RXQwxl5F7.rlrszeZ9rEyAKC6gTHbatnAoCx.AkUu'),(60,'Клавдия','Беспалова','https://randomuser.me/api/portraits/women/78.jpg',48,'female','Рошаль','59Joseph_@ya.ru','$2a$10$qNHjFwDcUDzi3vrh2TA0T.v0PFvT1K.eJ3cKxZD3GNiNmUkUI4r/i'),(61,'Георгий','Марков','https://randomuser.me/api/portraits/men/1.jpg',38,'male','Верхняя Пышма','60Audra58@ya.ru','$2a$10$BAg9nR90VmiG3AHHjjLYuuM90M.Dj8l7MEtBqUNLSGEuCk9wuIxlq'),(62,'Александр','Симонов','https://randomuser.me/api/portraits/men/36.jpg',52,'male','Полесск','61Lonny.@yandex.ru','$2a$10$9ktru8h97xXe.YLlUoWG.uvooAdnEKzrmTmRObbAjNv6mvAM32p.m'),(63,'Константин','Тимофеев','https://randomuser.me/api/portraits/men/56.jpg',23,'male','Татарск','62Camren_25@yahoo.com','$2a$10$2OT2FRJz5/yWI6zAbzLxHuHufQfhgOkYCCl1xXr.sp7lb7mwk0o/O'),(64,'Илья','Козлов','https://randomuser.me/api/portraits/men/35.jpg',22,'male','Калининград','63Hailee96@hotmail.com','$2a$10$83Did16bu9UeVpBgIQSaReYboyfhhpCMo8wLjQsFT5SZrxoJvx0UG'),(65,'Вероника','Лаврентьева','https://randomuser.me/api/portraits/women/11.jpg',14,'female','Вятские Поляны','64Arvid.30@yahoo.com','$2a$10$/oCrbpPXRBwGBZ59T.osAe5PhNLOk7Yz4fmx4Q9HQ847OaKMkSIey'),(66,'Мария','Соколова','https://randomuser.me/api/portraits/women/92.jpg',46,'female','Реж','65Colin.@mail.ru','$2a$10$6lU8vV6z.w1hpT/k0TeAueBP2E.H.k.9FQsfeHm.zjj/bFN0oIJbK'),(67,'Жанна','Дмитриева','https://randomuser.me/api/portraits/women/2.jpg',16,'female','Петропавловск-Камчатский','66Icie79@yandex.ru','$2a$10$tAtp0ax04OEptjlp2K8CAOcbSmo8j6A24.S2SBct8vtW7DqXLN8vO'),(68,'Аркадий','Шилов','https://randomuser.me/api/portraits/men/75.jpg',32,'male','Электрогорск','67Myrna.@yandex.ru','$2a$10$o1KlVOoD/vH8ZvZrBBTxkufvGg7UjvPPlg4Jo5QoEVdXVWHvVbNuC'),(69,'Константин','Потапов','https://randomuser.me/api/portraits/men/31.jpg',15,'male','Новая Ляля','68Jakob25@ya.ru','$2a$10$55toyVHaBjbnRmVGOm/KsuqJ9sJKyZf6484/x2g4jORP4iSTQBOs2'),(70,'Василий','Корнилов','https://randomuser.me/api/portraits/men/29.jpg',29,'male','Аксай','69Loraine_66@ya.ru','$2a$10$Hh4I8SjlULonHVSNUXdNjeZlhVxMHDL0AeDPFwXt/Mnx1h8x0F7Pi'),(71,'Макар','Цветков','https://randomuser.me/api/portraits/men/23.jpg',27,'male','Северобайкальск','70Jeffery10@yahoo.com','$2a$10$z8sLsiy1ffSp2QAQ7GP8tuLvPJzy.4eEsOz22ls1z5ICztXwIGijm'),(72,'Любовь','Силина','https://randomuser.me/api/portraits/women/65.jpg',54,'female','Палласовка','71Dahlia.55@ya.ru','$2a$10$dVRQNVtKvGhbpPQLOq4lG.Vx1fmeOid5ClOXE0nzPBfwqb7XUlliW'),(73,'Дмитрий','Молчанов','https://randomuser.me/api/portraits/men/31.jpg',21,'male','Богородицк','72Cassandre39@mail.ru','$2a$10$besUdPZocVmeZA0xm/5UkO1UjcweiqdUrhq96Lgc6NhvF4zdN.WGi'),(74,'Алёна','Гордеева','https://randomuser.me/api/portraits/women/17.jpg',23,'female','Краснознаменск','73Chadd.@ya.ru','$2a$10$vZMv/dgPLaDuSSP5KHRer.q/HT4r9afy.7/D5VwyRm7CtcfnZIu8a'),(75,'Григорий','Максимов','https://randomuser.me/api/portraits/men/92.jpg',61,'male','Белово','74Tanya51@ya.ru','$2a$10$livASj0UxZrCCqkXObnkYe89pE0/OUhtRUXmi67kQelJQy89K0sOG'),(76,'Виктор','Гаврилов','https://randomuser.me/api/portraits/men/77.jpg',22,'male','Дюртюли','75Garry.@hotmail.com','$2a$10$ujjyRmX6PsArJU7nrM/eh.shtxpsD5eXL047B8we9sIVel7do35gS'),(77,'Вячеслав','Зыков','https://randomuser.me/api/portraits/men/13.jpg',12,'male','Исилькуль','76Lupe.@gmail.com','$2a$10$FDxZrNfBt34Gn2CiHWNyNuZtpfZT2xuxd7wnvXnRDb8o1357qpYQu'),(78,'Вячеслав','Брагин','https://randomuser.me/api/portraits/men/50.jpg',23,'male','Чапаевск','77Amani78@ya.ru','$2a$10$Rs1Ylz3aat1Zn/nvTLooq.mqvdP5tHMSlrjHmBQeQG9PX7qGAtVlG'),(79,'Нина','Пестова','https://randomuser.me/api/portraits/women/84.jpg',26,'female','Альметьевск','78Penelope76@gmail.com','$2a$10$DCOc4q9WdOB1/Fd0OgfBGOLXAw6ITI0Za3sRSGc7DPjhsmqKP3Vfa'),(80,'Анна','Дорофеева','https://randomuser.me/api/portraits/women/47.jpg',13,'female','Оха','79Kari51@yahoo.com','$2a$10$eQex.HY9H047oS5cjEihwO4B0vlcUoZHzt3AfXNw.irTYEz1hCda6'),(81,'Василий','Зайцев','https://randomuser.me/api/portraits/men/46.jpg',48,'male','Спас-Клепики','80Violette5@mail.ru','$2a$10$rdc95DABARhQfEsqN4gNY.ajhU3zHI5IZ7G2avLIl./AZ8/zkmFX.'),(82,'Ксения','Кудрявцева','https://randomuser.me/api/portraits/women/57.jpg',49,'female','Октябрьский','81Kane.@hotmail.com','$2a$10$VkmJsHwwPagxlYYN0wXN2uA/iRgDgAlX8Mu2iPGJ7lgk8JtFUwJBG'),(83,'Дарья','Овчинникова','https://randomuser.me/api/portraits/women/43.jpg',52,'female','Аркадак','82Jarrell63@gmail.com','$2a$10$d/gQe5jiJwfZ1P7chpV07eMFEsHFO6.Bcyt3CCQr7DtZM3AYaAD/e'),(84,'Иван','Казаков','https://randomuser.me/api/portraits/men/89.jpg',37,'male','Бологое','83Rowan42@hotmail.com','$2a$10$beTdRWKBvf82QE9jDw5tj.3GK.ZiS/QBLEATDlWYZiGAwD9lh2HzS'),(85,'Тамара','Воронова','https://randomuser.me/api/portraits/women/14.jpg',16,'female','Шиханы','84Ivy.83@hotmail.com','$2a$10$OlIzGpY46Odu1q6M2DyzSevcaCUe89IhCbtILt4ntLpaR61HWgZa6'),(86,'Дмитрий','Захаров','https://randomuser.me/api/portraits/men/2.jpg',24,'male','Архангельск','85Erin_@ya.ru','$2a$10$JIMXjQ4JvSf76xhzXTaBQesxsz5kxF6vFz6rAdyZruIilNPOKWXgy'),(87,'Ульяна','Осипова','https://randomuser.me/api/portraits/women/35.jpg',29,'female','Карачаевск','86Vincenza_82@ya.ru','$2a$10$beDWNG2fb0fcEK6Neiz39.gVtTWTCoEA50/LdUoTn.OzfyT0OHyPi'),(88,'Екатерина','Фролова','https://randomuser.me/api/portraits/women/72.jpg',16,'female','Усть-Кут','87Kaylin18@hotmail.com','$2a$10$28AOMAvTojWQLJp2qQa2l.Jfia6e5OgSEKmQcYyCtSlceGMUJKkOG'),(89,'Лидия','Пахомова','https://randomuser.me/api/portraits/women/84.jpg',39,'female','Евпатория','88Hazle.88@mail.ru','$2a$10$MUHJRfTgocrhb/5/SiK8WuRVj6yPv59c.QxCjDn/ilezb1H84tD8m'),(90,'Анна','Селиверстова','https://randomuser.me/api/portraits/women/6.jpg',30,'female','Междуреченск','89Ismael.@yahoo.com','$2a$10$/t/tUmpL2m1ue/SXGGDMte.FFxRgThZx3jtIsEXztwIwjZhKJkfiW'),(91,'Анфиса','Беспалова','https://randomuser.me/api/portraits/women/82.jpg',25,'female','Апрелевка','90Maurice_23@yandex.ru','$2a$10$4jcjuxxyYju0CHH92b7nLOe1kw2k8bRruNEYn5S0US9eXWrh9iaGO'),(92,'Любовь','Пестова','https://randomuser.me/api/portraits/women/85.jpg',22,'female','Юрга','91Dayna_@mail.ru','$2a$10$BvrL7ZYyp7TOFUlz/t/DNOkGFsR3Bhf2xtgWQ8xLhW/r4xo8.KQGW'),(93,'София','Дементьева','https://randomuser.me/api/portraits/women/73.jpg',65,'female','Горно-Алтайск','92Ida40@yandex.ru','$2a$10$T/PvM7xFmT9.NU8WZ8Jm3OHWO1zt8m0DBANTYEU.77.nUt8WlDqN2'),(94,'Леонид','Логинов','https://randomuser.me/api/portraits/men/7.jpg',60,'male','Вологда','93Hyman52@ya.ru','$2a$10$lkZBgG9EyCUZgnVz3vkcFOOpKw/ZXtfVJM0WsGGOQueIn4CW.tlvW'),(95,'Мария','Федорова','https://randomuser.me/api/portraits/women/96.jpg',13,'female','Туапсе','94Elvie15@mail.ru','$2a$10$B0OLmaxDcHk8L5IUos6PYerLrAymGfnbeV1GurGw44JKQLs0sj.m2'),(96,'Виталий','Панфилов','https://randomuser.me/api/portraits/men/49.jpg',64,'male','Медынь','95Sarah95@yandex.ru','$2a$10$1isY8xbwYL2BhQwJxw8ol.yThDpvAXcMLnh0VYl0Xg8bNCU0pDh1K'),(97,'Валерия','Ситникова','https://randomuser.me/api/portraits/women/3.jpg',23,'female','Фокино','96Mortimer79@gmail.com','$2a$10$zsANS3Y.YVIdFjsS4pRequ.Suiy5odZ9cAIAy5IO1byvnBS5wUZha'),(98,'Алина','Субботина','https://randomuser.me/api/portraits/women/4.jpg',15,'female','Сибай','97Marley28@yandex.ru','$2a$10$.RY0I/0vLorbXhK5Ye6u6OtAbxBuSdg8UKpkAVPBliEr2Vw1/EhhK'),(99,'Герман','Семенов','https://randomuser.me/api/portraits/men/14.jpg',14,'male','Улан-Удэ','98Krystal20@hotmail.com','$2a$10$uLQ.h.4Nx2LYl7DiyFV0f.eafHkCRMfhHlwU8rew6bmO5AU02nbrm'),(100,'Андрей','Белозеров','https://randomuser.me/api/portraits/men/4.jpg',46,'male','Боготол','99Mylene95@gmail.com','$2a$10$nqVvHUGgjyKzHoY8V0iHc..MfCAUMF7N5S0k9WSJeiE29xtH2JNxe'),(101,'Римма','Гурьева','https://randomuser.me/api/portraits/women/22.jpg',34,'female','Аткарск','100Brady_15@ya.ru','$2a$10$PMaB8b4iUUvQUkFmDqJz3eOuwKRQsy1owFg7AC2h34MJg00/kStyW'),(102,'Анастасия','Лебедева','https://randomuser.me/api/portraits/women/83.jpg',46,'female','Старая Купавна','101Sonny54@yandex.ru','$2a$10$ArzQKi2eIffTZyv/OA7vweucAHR2dzWiotdXLtbjXe72MnMJ0H3l6'),(103,'Альберт','Ситников','https://randomuser.me/api/portraits/men/16.jpg',18,'male','Новоузенск','102Thalia.64@yahoo.com','$2a$10$oUpNpaX83ArymU08fDi3eu7QjAER8xnbd1OpOJevZ3WLrVHcymqY6'),(104,'Вадим','Савельев','https://randomuser.me/api/portraits/men/58.jpg',54,'male','Кизилюрт','103Shanel23@ya.ru','$2a$10$WE5O9lmy8UsdvcU/5eGDk.4SS4opfLTGstHJhMiontFesVi3m.4gO'),(105,'Зоя','Тетерина','https://randomuser.me/api/portraits/women/83.jpg',61,'female','Белый','104Lenna_@ya.ru','$2a$10$05bjC7Wct9T3XHAoYuHMfOGinWE3fQBmOwQ3jpciDu24pkpRku.uC'),(106,'Виктория','Белякова','https://randomuser.me/api/portraits/women/48.jpg',15,'female','Фурманов','105Arnold52@ya.ru','$2a$10$DBG2dELsZRUE0p01xwE.wOp/g1kH9zR7Mz8UjGI0MqrYnMzIOz1Z2'),(107,'Ольга','Жукова','https://randomuser.me/api/portraits/women/75.jpg',13,'female','Усть-Джегута','106Wilford98@mail.ru','$2a$10$QjKB0RUwb6FYpCXOAql2Q.LdbOEYZnGzfec.TTdB72TVfy4w6qV5G'),(108,'Борис','Романов','https://randomuser.me/api/portraits/men/78.jpg',47,'male','Всеволожск','107Juwan.@hotmail.com','$2a$10$TTFviEt5sNkXDDNJM.rT7.R93vxHPB.qiADzFFwtTv3MbXLuLzjb6'),(109,'Эдуард','Тетерин','https://randomuser.me/api/portraits/men/72.jpg',70,'male','Апатиты','108Camron43@ya.ru','$2a$10$y6qBSjUwakPn/PX/TiSRSOa4jFmZq0w0V1IFNxyG1GSgsTr8t8MSG'),(110,'София','Петухова','https://randomuser.me/api/portraits/women/84.jpg',12,'female','Астрахань','109Emmy.@mail.ru','$2a$10$waVaI94geSkjgInOpAnUi.uBfV.XMsU.YyBZufBACbFak0bc53tcS'),(111,'Анна','Орехова','https://randomuser.me/api/portraits/women/95.jpg',64,'female','Правдинск','110Cathrine2@yandex.ru','$2a$10$DDGzbX1XWCHITw3uv2jHAeL1jDeAi7N7bUrGDz1hvVIlLLU9GH8pu'),(112,'Анатолий','Поляков','https://randomuser.me/api/portraits/men/33.jpg',37,'male','Кемь','111Leta.@hotmail.com','$2a$10$S4zwLaLRsBIMSHrbj30fKufEkHeETslMkj0Zunr8yRj4ePDWVC1Km'),(113,'Антонина','Некрасова','https://randomuser.me/api/portraits/women/68.jpg',27,'female','Вольск','112Sadie_@ya.ru','$2a$10$IHhU3NVqZ82g1LccmKHE.eiXn3Ov1fi6a.3kzo58STREDvkl2TbIq'),(114,'Валентин','Логинов','https://randomuser.me/api/portraits/men/77.jpg',43,'male','Сретенск','113Laury.60@mail.ru','$2a$10$O0E72svZ1M8MadibFHMfpOziqPb1zxwgU3TwfguJNRrL22eHesSXG'),(115,'Вадим','Рыбаков','https://randomuser.me/api/portraits/men/43.jpg',43,'male','Гаврилов-Ям','114Matt_@hotmail.com','$2a$10$0KdWPIzZlHTUpqS8DUqW/O0uALJe2sJ5jNcCd/lWjPvi4dYc43rKm'),(116,'Алёна','Ермакова','https://randomuser.me/api/portraits/women/10.jpg',67,'female','Мирный','115Mikel_@hotmail.com','$2a$10$nUs8VjiFW7qMpQpOKZLH..LD/8KMBbF68SGEwzOGFtYCAOCVzeN/m'),(117,'Елизавета','Копылова','https://randomuser.me/api/portraits/women/39.jpg',24,'female','Петров Вал','116Monserrat82@hotmail.com','$2a$10$KcOAcaDWr2g4pNC5rY/jIuWGmhiBBTwXrIovpvSPPaXDmRDvLtiYa'),(118,'Виктория','Кабанова','https://randomuser.me/api/portraits/women/5.jpg',49,'female','Белый','117Colton.44@gmail.com','$2a$10$JLUqKLdBdy/kT3B.X7rQuO2HlDNlCm4eUIk6730ZiSO0QflrB1E2S'),(119,'Раиса','Громова','https://randomuser.me/api/portraits/women/25.jpg',40,'female','Заполярный','118Precious.@hotmail.com','$2a$10$If/q7nML/0FeuARRY/fajuJNoKwgZ4f4xaPymrivhIzJXfQr6N1HK'),(120,'Андрей','Горбунов','https://randomuser.me/api/portraits/men/76.jpg',70,'male','Кизилюрт','119Arvel_23@hotmail.com','$2a$10$7uCDoaMBTC4FPvoHwdUTF.e6vZ/JWXBdjbcLNXOcWhTmo61770SsW'),(121,'Римма','Вишнякова','https://randomuser.me/api/portraits/women/42.jpg',30,'female','Тетюши','120Roxanne.98@hotmail.com','$2a$10$6pYg/ISujxeBo.HVdOShouXv7eH25SvD2SxZYUOtSUUbGyr0rz2t.'),(122,'Дмитрий','Сысоев','https://randomuser.me/api/portraits/men/25.jpg',58,'male','Осташков','121Chance_@yandex.ru','$2a$10$sGpgtbqgNnwYqXK5Eamq5eqAvmoo78SO9Vy8J1O91k1GlOu6wNBfC'),(123,'Маргарита','Ширяева','https://randomuser.me/api/portraits/women/47.jpg',20,'female','Шелехов','122Agnes.@yandex.ru','$2a$10$3aaxvsqBg5QJ.hdEuuMHvesSKMJAnsYRL11pkTQz8USQYE8DuuQiK'),(124,'Олег','Савельев','https://randomuser.me/api/portraits/men/6.jpg',65,'male','Балаково','123William.@gmail.com','$2a$10$xe846AmbM./QLJP0G2F4OeLXNwtsyLcZVSF9FvJcZPr8YdUim.uGm'),(125,'Нина','Самсонова','https://randomuser.me/api/portraits/women/72.jpg',46,'female','Куса','124Caleigh.73@yahoo.com','$2a$10$v9Sz4Z9OHwT6nehW1HfMTeF.ES7jUSOLhc5Nyeg46RNTZJfnVSLk2'),(126,'Вера','Александрова','https://randomuser.me/api/portraits/women/38.jpg',66,'female','Ханты-Мансийск','125Lauryn29@ya.ru','$2a$10$RZFZ0pc7S6H9kRhHFe71vOcSYLVaVJpSa6s/8yminFFhRqxATzBsm'),(127,'Эдуард','Сазонов','https://randomuser.me/api/portraits/men/89.jpg',56,'male','Пионерский','126Raoul_76@ya.ru','$2a$10$SqhH4oElTPHuBSawlfJ5KuZyqorfGmxY/DyNw.yrxcWcY6/7DStjy'),(128,'Екатерина','Тетерина','https://randomuser.me/api/portraits/women/2.jpg',62,'female','Белокуриха','127Alexie2@yahoo.com','$2a$10$UBjz0nKhU.JUl.ZUNlluc.S6qbCPkjx7X7tQaNwUIIWSV4tqmuERi'),(129,'Дарья','Цветкова','https://randomuser.me/api/portraits/women/19.jpg',61,'female','Зея','128Garth.14@yahoo.com','$2a$10$V6wNCBTaJ8b0Oido/DcdYubSf/2XjWnzDppDisAaGipY.mSAI1OKC'),(130,'Андрей','Зиновьев','https://randomuser.me/api/portraits/men/29.jpg',48,'male','Качканар','129Willie_0@yahoo.com','$2a$10$ef5P1RUaXCMqfDeIMn4KkuwPTTDgD12/r5XY.GlDJGhUHoRa3n/T6'),(131,'Елена','Воронова','https://randomuser.me/api/portraits/women/94.jpg',41,'female','Ак-Довурак','130Larue2@yandex.ru','$2a$10$1ptnr2RZVzL6oEM0t3lwneAhKssH3NbLmYzOYZChxFPODg44B8nBO'),(132,'Валерия','Тимофеева','https://randomuser.me/api/portraits/women/58.jpg',63,'female','Мурманск','131Tomasa_@ya.ru','$2a$10$A1FuD/A13EuQczGOIM9/B.DQM16ZM26LdRmgFWH1HsZwS5z9i7qVO'),(133,'Альберт','Терентьев','https://randomuser.me/api/portraits/men/43.jpg',68,'male','Грязи','132Mack.33@mail.ru','$2a$10$Q60Dh0NreumexyEW85o32elp3MpFM8yvU7v57O0Nhij8HuoQxQv9K'),(134,'Алла','Мартынова','https://randomuser.me/api/portraits/women/95.jpg',63,'female','Хилок','133Isom_@ya.ru','$2a$10$QG8ZCApQYd8sF.Gr0RlmnOSH0zkacw833HjgAO2HAily9Y9sciHsy'),(135,'Борис','Тимофеев','https://randomuser.me/api/portraits/men/93.jpg',31,'male','Пошехонье','134Christa25@yahoo.com','$2a$10$pw7IYFDTi4xZJ5xNdrNN5.xIZN6R3UG/ytrltKDQzdGsbfn73BSpq'),(136,'Геннадий','Суханов','https://randomuser.me/api/portraits/men/76.jpg',70,'male','Мышкин','135Doris.@yahoo.com','$2a$10$Dm8SbKA8TLy8BcRlXonSQuenvt0GLcnAtU7AT6eD60XgrdpVVuyAm'),(137,'Тамара','Дроздова','https://randomuser.me/api/portraits/women/82.jpg',50,'female','Шумерля','136Randal_@yahoo.com','$2a$10$2o.qZdKh7rsy3lDeWTOx2ulZ0Zjw8/PnaQLR0reDIFEYqjZ.O0bIW'),(138,'Андрей','Крылов','https://randomuser.me/api/portraits/men/45.jpg',51,'male','Темников','137Kathryne_@gmail.com','$2a$10$1MYljz7SX/8GRybXnptELeTSh54FNXU2rJjQNVac881nHBc4RSCXi'),(139,'Вадим','Копылов','https://randomuser.me/api/portraits/men/83.jpg',43,'male','Черноголовка','138Felton.1@hotmail.com','$2a$10$AhD/9EcFFE38ek7jrXeMyehnWvoQIPLYAThwOrxPP8bHgH8d88Iki'),(140,'София','Лукина','https://randomuser.me/api/portraits/women/43.jpg',46,'female','Петропавловск-Камчатский','139Adella98@ya.ru','$2a$10$gxhjnEoTDfB75JfubZoO9uz87VHwfWXjlbDql9yKIplB1324J6r76'),(141,'Варвара','Копылова','https://randomuser.me/api/portraits/women/64.jpg',16,'female','Трёхгорный','140Dolly39@gmail.com','$2a$10$Q5jcJEfIWdwOomqinjxGSOPUKDDVdL4wG.vDGWQZ4NX875aH96072'),(142,'Зоя','Субботина','https://randomuser.me/api/portraits/women/62.jpg',55,'female','Красавино','141Kristina_@mail.ru','$2a$10$UU0ajwWJCtvvKd8Zv.33ZOcslGIOJPUvG2KINkc1Vw/dCqPYj/QuW'),(143,'Мария','Макарова','https://randomuser.me/api/portraits/women/22.jpg',52,'female','Гусиноозёрск','142Dino70@gmail.com','$2a$10$nrwSfn.dzBNAvym/V1xVn.EhozmBss7Oya6Rad3RQBqzYpwIAVPo6'),(144,'Антонида','Куликова','https://randomuser.me/api/portraits/women/5.jpg',62,'female','Мичуринск','143Levi.@yandex.ru','$2a$10$2qwbx9T3mKFe0Ti8pHibo.NAil87Qa8dn9LI8BWY/ZlJnpYJceKYO'),(145,'Вячеслав','Коновалов','https://randomuser.me/api/portraits/men/44.jpg',50,'male','Черкесск','144Anissa_52@ya.ru','$2a$10$dNoVOj0ovKevrTQ6Ia8eEen71f0u3DCfX2/nFsT3e/Sp93DjRCEsK'),(146,'Денис','Баранов','https://randomuser.me/api/portraits/men/92.jpg',24,'male','Осинники','145Jaiden34@yandex.ru','$2a$10$nMh2TMDT6ppXSEtQjdy3.ucz7ANyJ1tcP3qNVMH2ZPTriLFRvsns.'),(147,'Никита','Фадеев','https://randomuser.me/api/portraits/men/62.jpg',67,'male','Белоозёрский','146Breanna73@gmail.com','$2a$10$nXE90H.t1KiLILO9HCnZ7eJiLAfpGyu8Sp5Yk8euCAQrM20gTEhdi'),(148,'Валентин','Кузнецов','https://randomuser.me/api/portraits/men/70.jpg',26,'male','Галич','147Ervin74@yahoo.com','$2a$10$D9zpgTEDuRHH9o2zAXKSpu7TK/TScGombawC6a1X9qDoXDKVgBVgq'),(149,'Лидия','Александрова','https://randomuser.me/api/portraits/women/31.jpg',29,'female','Красавино','148Dell48@yandex.ru','$2a$10$evZGzUXWOHsCaTm0C.vFZ.keCc8MNg99jr4wN1t/Wbyz02iDQeKHW'),(150,'Василиса','Фомина','https://randomuser.me/api/portraits/women/12.jpg',15,'female','Новочеркасск','149Jeanne_@mail.ru','$2a$10$qiYhHeKq8Jf6lFZTzp3HD.Ps0r0oll7zvM3GTiFHDjbRKw6JHCxxO'),(151,'Галина','Архипова','https://randomuser.me/api/portraits/women/57.jpg',46,'female','Урус-Мартан','150Ezequiel1@yahoo.com','$2a$10$Ia8Go6ZEHrsT3gxnNU4jiOOQ.Astz8Zmm5yEbup4qx3fnkE/E9pvW'),(152,'Семён','Крылов','https://randomuser.me/api/portraits/men/64.jpg',23,'male','Вилюйск','151Deshaun6@yahoo.com','$2a$10$IJXMLJXGeDUOWtY8CXlQdeE60PHga71/bhmJk1pzDQxroIsfp.1JS'),(153,'Кира','Виноградова','https://randomuser.me/api/portraits/women/83.jpg',29,'female','Камышин','152Sylvia_59@yandex.ru','$2a$10$EvVMNbDxkdk7mZW3Atypuu0.PTLLSjJDg6ZyuaHaIZVM4JJTVxGcy'),(154,'Дарья','Цветкова','https://randomuser.me/api/portraits/women/54.jpg',65,'female','Заречный','153Yasmine23@mail.ru','$2a$10$4D3QoZZtFbvlSgvW.kEg8eFALQPsH7UDT/j/I/r/N/azLAeilG0eG'),(155,'Анна','Голубева','https://randomuser.me/api/portraits/women/18.jpg',22,'female','Петрозаводск','154Melyssa_@ya.ru','$2a$10$2sbWUUdDkHrIRKTzBl5bAer6nHyrceszK1VZ22gO3dBi3P8P101iW'),(156,'Галина','Овчинникова','https://randomuser.me/api/portraits/women/93.jpg',50,'female','Ардон','155Monte.40@yandex.ru','$2a$10$KUbsn4ELOzO/1wPJWnn0VeHVK/cN9jz.7dEpSPqcD1vmCHFaAcX0q'),(157,'Арина','Красильникова','https://randomuser.me/api/portraits/women/70.jpg',64,'female','Армавир','156Herta75@hotmail.com','$2a$10$IbvMv9DCj4zcGXLTm2Ds4ubRTtKDY4tEyrqXe0LZCdXt7KXO9kVo2'),(158,'Юлия','Гуляева','https://randomuser.me/api/portraits/women/20.jpg',55,'female','Лаишево','157Katelin.@gmail.com','$2a$10$SKpC6mP8iYoE0SzYAZ6LRuHMVJlqoRErhJKYvOBZPvpp5eBLTYrEC'),(159,'Григорий','Андреев','https://randomuser.me/api/portraits/men/52.jpg',35,'male','Майский','158Jaren_56@ya.ru','$2a$10$5xrn0KRqRRkn49hTgr1PfewCwFRpDB9eNw0CTXqA4RbE009bDA26y'),(160,'Валентин','Брагин','https://randomuser.me/api/portraits/men/16.jpg',46,'male','Данков','159Etha6@mail.ru','$2a$10$F5qNYC88UJeNwA4mcZDOPuaLonSIxgTmlGZ1vxMT2r8D1JsAIiFoi'),(161,'Евгений','Русаков','https://randomuser.me/api/portraits/men/98.jpg',25,'male','Томари','160Karianne.96@gmail.com','$2a$10$Zu7hDNNyNGBoliY2pt9NJ.OL4HaoI5ec22rOau1BLhFjDSisROMjK'),(162,'Татьяна','Брагина','https://randomuser.me/api/portraits/women/35.jpg',39,'female','Катав-Ивановск','161Celestine.@ya.ru','$2a$10$gkezO4ALg/zsBWRU9XrCUu5mtl5EFSUIHJweoWeDxiX3vp7pE5fXG'),(163,'Таисия','Авдеева','https://randomuser.me/api/portraits/women/75.jpg',18,'female','Луга','162Coby_@yahoo.com','$2a$10$FzxEgCxZ56Kkl5VDagLJGejybz2gBGecQMeFOiXjbvGYPThlvrG46'),(164,'Евгения','Кудряшова','https://randomuser.me/api/portraits/women/18.jpg',21,'female','Богородск','163Delta.@hotmail.com','$2a$10$CIXbFJwq4KjnepxFV4VG8.0NbvxtKbXZzS7d9Q1Asi7QpSt987gAi'),(165,'Виктор','Кудрявцев','https://randomuser.me/api/portraits/men/18.jpg',30,'male','Калуга','164Ona.39@yahoo.com','$2a$10$dzBuf4ulVrfm.Rxjo7IR2.7zwzFdsEp10PbsB/gjjeq0rRG.3C66G'),(166,'Валерий','Харитонов','https://randomuser.me/api/portraits/men/76.jpg',36,'male','Дедовск','165Rose_38@yahoo.com','$2a$10$DKYwVL3q9PPkLgglGqkJq.pcsId1u67wIAV4UDjmZ2FXQSvz4OAb2'),(167,'Станислав','Крюков','https://randomuser.me/api/portraits/men/65.jpg',64,'male','Елизово','166Jaquelin_35@ya.ru','$2a$10$JmB3nVESgqwpv89ss8MPOeJLjJYilbr.4W42rLhUb3BOd.d8YAY22'),(168,'Раиса','Ситникова','https://randomuser.me/api/portraits/women/78.jpg',54,'female','Полысаево','167Yvette9@yandex.ru','$2a$10$jV6sdax0rm049tG4bgRVM./NP8r0w4aR3k.peX2N9YbH/sP9SPQWe'),(169,'Ярослав','Одинцов','https://randomuser.me/api/portraits/men/73.jpg',32,'male','Нариманов','168Eugenia.44@yandex.ru','$2a$10$g4juWMX8WBBS3ZVpUwVkZ.QvhSr0ydM8r6ydIsQfvVhZk8w7at9Ym'),(170,'Матвей','Потапов','https://randomuser.me/api/portraits/men/1.jpg',19,'male','Удачный','169Adrien_@mail.ru','$2a$10$vBflQ3gdbMu0MpaRrlBuv.117u5dPLN6VE6MAZdoIQimqvYk1it9y'),(171,'Марина','Зимина','https://randomuser.me/api/portraits/women/3.jpg',30,'female','Уфа','170Troy_14@yahoo.com','$2a$10$NRe7I6XEbHKwm1gm1MGHHOBKNrI7ZbAf.3COEChT5iVxctJ27n5/S'),(172,'Людмила','Прохорова','https://randomuser.me/api/portraits/women/2.jpg',20,'female','Кстово','171Nelda.@hotmail.com','$2a$10$ZEoKbl/ik4fzDVT6oGAEfOaOblyS3fTWOtvbmWvLtFMMUopwsV.Wy'),(173,'Леонид','Беспалов','https://randomuser.me/api/portraits/men/59.jpg',42,'male','Южноуральск','172Sierra88@mail.ru','$2a$10$2B40nb5vSsY8A0bjT57BQeeywhKaxnJMWVX363SI30P1kZTWJ5xcy'),(174,'Ярослав','Беляев','https://randomuser.me/api/portraits/men/20.jpg',67,'male','Анжеро-Судженск','173Marcos_72@hotmail.com','$2a$10$.WJEF.lL4EIjGlGlSplt/eXIW6TAqfhyreFDN5q9861HOiH8ZlsSO'),(175,'Ксения','Баранова','https://randomuser.me/api/portraits/women/15.jpg',33,'female','Магадан','174Ronny37@yahoo.com','$2a$10$HoOv9I5v4Oa8O18vJrKEWumR7ZRI/EqEB3tuYFuec5KfSw44khhBC'),(176,'Александр','Цветков','https://randomuser.me/api/portraits/men/47.jpg',65,'male','Красноуфимск','175Mallie93@yahoo.com','$2a$10$pQAg6uk1pTlUf79Ndbmmo.YuXk4njcHlkfHK7vkvG8FDUjAAc1SG.'),(177,'Артём','Афанасьев','https://randomuser.me/api/portraits/men/48.jpg',36,'male','Михайловка','176Lauriane74@hotmail.com','$2a$10$AB.xM2HiQEZ5RUZIAMRutOx0xH5ynGt6dxU9OH8U0ooe8T7aJGadi'),(178,'Лидия','Яковлева','https://randomuser.me/api/portraits/women/95.jpg',48,'female','Билибино','177Alfonso.@yahoo.com','$2a$10$hSolozU224ApGIdzjwu0LeyWlnw8VobNuQkCRr7BQ0bqN8rNsj2B6'),(179,'Нина','Миронова','https://randomuser.me/api/portraits/women/18.jpg',57,'female','Ижевск','178Roger_40@yahoo.com','$2a$10$yu0xpMnV7EwYIZE4EbHakuPqYyjL0NesHcKfQAGzWIA5VMUkrXy4O'),(180,'Сергей','Королев','https://randomuser.me/api/portraits/men/6.jpg',42,'male','Железногорск-Илимский','179Margaret_20@hotmail.com','$2a$10$.oA/jPBa.y0nbNoRzXNz0e2xPDDGE.1s9vjujHS.2n6nr7H17Gove'),(181,'Людмила','Устинова','https://randomuser.me/api/portraits/women/3.jpg',45,'female','Высоковск','180Darron80@hotmail.com','$2a$10$NDu0mUXhfWtdRVmIQWydhOMwPx8ItZcR8hGHMnzo0h.g8vsZR8Cae'),(182,'Валерий','Федоров','https://randomuser.me/api/portraits/men/34.jpg',47,'male','Баксан','181Beryl1@mail.ru','$2a$10$G/1Gu7T7qfWSkg5MKTAkUufV8NNiLX4GOEAnEcKsWVKy2sYb/g83C'),(183,'Виталий','Волков','https://randomuser.me/api/portraits/men/25.jpg',55,'male','Бирск','182Heloise_@ya.ru','$2a$10$N3DupiykJxYKC4cg0WGkA.bURKsSJWlZhiTzwSXq2Fm6pSK7TuF/2'),(184,'Анжелика','Константинова','https://randomuser.me/api/portraits/women/13.jpg',13,'female','Гурьевск','183Forest37@ya.ru','$2a$10$3.rFM3ZdkWz1MuB9hDaf2uFQyS98aEMRjcRzHyyWVjPwc9kiFc4My'),(185,'Лидия','Максимова','https://randomuser.me/api/portraits/women/41.jpg',14,'female','Сорочинск','184Felicia.@gmail.com','$2a$10$e42o7Rd17yqh6FxeCSzp0.5e0EEVZ9VYuLhaagSyBR.gSjnX..hua'),(186,'Таисия','Носкова','https://randomuser.me/api/portraits/women/91.jpg',25,'female','Дальнереченск','185Elenora.@gmail.com','$2a$10$ZzL6n9NKolnZ9WtHWhva7eMIJpJYdr/qz3fbQG06BAUYCWiddv/Ae'),(187,'Галина','Рыбакова','https://randomuser.me/api/portraits/women/81.jpg',59,'female','Кяхта','186Scotty_@yahoo.com','$2a$10$Rw23ggVKl2P8e8GjKxQkSeJRj81dLRGNLa.6cfK9kCF2nIq4rbK0q'),(188,'Владислав','Терентьев','https://randomuser.me/api/portraits/men/92.jpg',68,'male','Октябрьск','187Christop11@mail.ru','$2a$10$VvZKuTKbx08IcijqcuAcAuKoFjrgwJT7.hT9QqWlqbMQkVg7pPBmC'),(189,'Ульяна','Кулакова','https://randomuser.me/api/portraits/women/7.jpg',49,'female','Свободный','188Margarett41@yahoo.com','$2a$10$sxJLZft0djSGPraGOBd24e.TmiSnB7Wa1BjCaYwaFGymuMIfdAwAW'),(190,'Игнатий','Денисов','https://randomuser.me/api/portraits/men/2.jpg',17,'male','Кола','189Kaley36@gmail.com','$2a$10$bRxyJ4/9t9Lv.a4ZY5GMv.3Mhq.i.j5UmKcmngQctT4eNITw7QVfe'),(191,'Кира','Быкова','https://randomuser.me/api/portraits/women/53.jpg',26,'female','Бердск','190Hailey_14@ya.ru','$2a$10$V8As.QQCSb.wg7S4rGV1HeKs5UStFdf7t4FsrTU8vvxhHeTpJCtbS'),(192,'Ульяна','Тимофеева','https://randomuser.me/api/portraits/women/1.jpg',24,'female','Георгиевск','191Sandy26@ya.ru','$2a$10$1ETL.UK5.IF7pfeMfeNUTOBhh54HSWgXrdXaV7/GNHeI.PM/QCaoK'),(193,'Тамара','Родионова','https://randomuser.me/api/portraits/women/53.jpg',24,'female','Сысерть','192Norwood.27@mail.ru','$2a$10$ZBYMfni1aQrg1LETlPtcpe68rfLKkCDd00y8PM3muhoF6sXaGI8Hy'),(194,'Макар','Ильин','https://randomuser.me/api/portraits/men/90.jpg',28,'male','Туймазы','193Rosalee34@mail.ru','$2a$10$OxtyOs8cGnN9C3O2JpnHmu6txdAtCRVCQpzCmyB8yRkczum9dYPy2'),(195,'Надежда','Пестова','https://randomuser.me/api/portraits/women/93.jpg',42,'female','Оханск','194Theodora38@mail.ru','$2a$10$TiR6BFKqxsl4eo/sTdg6R.Q4eM7FQ71CGKagCuHcpzq7rU9vsz0a6'),(196,'Евгений','Панфилов','https://randomuser.me/api/portraits/men/10.jpg',51,'male','Фокино','195Lea62@yandex.ru','$2a$10$3DCrgE4m433pKbl1djDcwODZjt/ifK9roTUb1W4Z/paVpC7w/hM2m'),(197,'Анна','Кулагина','https://randomuser.me/api/portraits/women/0.jpg',32,'female','Устюжна','196Myriam.@hotmail.com','$2a$10$IovCMvteahGSNhfYv8l57uqgc.e6N4OVsWwT60NiNlNOhhcwj3/Vq'),(198,'Елизавета','Владимирова','https://randomuser.me/api/portraits/women/35.jpg',26,'female','Шлиссельбург','197Tanya.@mail.ru','$2a$10$KueqbVb6qidF7XdESNFYa.cdHBe.bwQeW/NxSY1KbeMEbQqY.W9Hy'),(199,'Нина','Мельникова','https://randomuser.me/api/portraits/women/95.jpg',35,'female','Лихославль','198Josue93@ya.ru','$2a$10$u5ax9bK.k6WkHihxF9POg..KRGPGADFr4TlsIzwrpoXTHAYkEoxRu'),(200,'Елена','Гуляева','https://randomuser.me/api/portraits/women/11.jpg',13,'female','Белогорск','199Deja.49@gmail.com','$2a$10$.WywFXOumokwdYLOG91gZe8prY299uDx3DEdgOEjKSUugVGbn3ntK'),(201,'Иван','Третьяков','https://randomuser.me/api/portraits/men/92.jpg',31,'male','Вязьма','200Camren.26@ya.ru','$2a$10$lKAH3INVnpDGiJ/EezRC3.11/.6srP5H/Gr/.KLre3QaQ954mAFwa'),(202,'Матвей','Кулаков','https://randomuser.me/api/portraits/men/11.jpg',22,'male','Волгодонск','201Salvatore_27@hotmail.com','$2a$10$41EiQ7JKXtHzvtSyiYvQbePPXH3t7JjXiXJS4CcUo0ZUw020MqRpq'),(203,'Алла','Трофимова','https://randomuser.me/api/portraits/women/59.jpg',34,'female','Городец','202Hermina_54@yandex.ru','$2a$10$D6xji3J.OBVKE7eaU.07X.ZWJ9LZ5PCRBhQ5SfnDdg7HSmwKv41F6'),(204,'Роман','Третьяков','https://randomuser.me/api/portraits/men/64.jpg',50,'male','Оса','203Earnestine_49@mail.ru','$2a$10$iUbG5/lyM4UE2LddsiMWMeIUsG8/xQfXKpfZDbkXG1JBB.0pBH3.C'),(205,'Алёна','Елисеева','https://randomuser.me/api/portraits/women/33.jpg',21,'female','Спас-Клепики','204Harold_10@hotmail.com','$2a$10$jhrfnomk.rxWrV6lrZWggeGnVW6j3wob3hfk6Q3vk0KAoj37kpA/a'),(206,'Надежда','Быкова','https://randomuser.me/api/portraits/women/33.jpg',16,'female','Керчь','205Hank62@mail.ru','$2a$10$P3..guQmIIkuwn9sTFBPCOmkGzvnb4ki7VZT/IoYvw3weX0mXj/j6'),(207,'Степан','Кулагин','https://randomuser.me/api/portraits/men/59.jpg',28,'male','Лагань','206Isaias_@yahoo.com','$2a$10$AJbqHyTGIR/vFN4bBL5SlOBt0W8QRu0JycbJ0Dqt03maj8U9mw0Wq'),(208,'Елизавета','Хохлова','https://randomuser.me/api/portraits/women/36.jpg',68,'female','Тула','207Doyle.73@yahoo.com','$2a$10$3KEFH.tPLvWWCgIqausStuJ0GDMLz7J/92fDlwJJYfOlAs0985tAm'),(209,'Алевтина','Никонова','https://randomuser.me/api/portraits/women/40.jpg',19,'female','Каргат','208Willard0@hotmail.com','$2a$10$2UXRj0XeRtO5jx0oIfI/ye83CW4ahQN0sqzljT7Oz9jk0uIk2J2y.'),(210,'Лидия','Беляева','https://randomuser.me/api/portraits/women/54.jpg',63,'female','Западная Двина','209Jonathon.68@mail.ru','$2a$10$G5MpGrMkughNjTIMqqSoB.zx8fDKCHoX53mhOaXgk/72iTytyWSg2'),(211,'Сергей','Большаков','https://randomuser.me/api/portraits/men/46.jpg',53,'male','Суровикино','210Marley_@mail.ru','$2a$10$JxYcFyeOuMAVXLGIJ6DP1OV3B32iKIgLL0m9pKPU.fxYoNxdSQBq.'),(212,'Римма','Ситникова','https://randomuser.me/api/portraits/women/0.jpg',61,'female','Пушкино','211Warren.92@yandex.ru','$2a$10$MD7lBVxJcBy2JhTMR71tMenYOlyEOJW6ANsRWxdyafok0Yk3qLNpS'),(213,'Светлана','Попова','https://randomuser.me/api/portraits/women/10.jpg',31,'female','Зеленоградск','212Shemar54@yahoo.com','$2a$10$0KwbHriuJtvHgGZPssiWNu1pehofk2r5b0siqepPnuzi2ZoKNi92.'),(214,'Александр','Кириллов','https://randomuser.me/api/portraits/men/35.jpg',33,'male','Костомукша','213Billy56@hotmail.com','$2a$10$5/0.Vz8higjI8A2hIMH9kO2JedWN7s2kapRAG.b.7xhS7E46T8aoq'),(215,'Нина','Ефимова','https://randomuser.me/api/portraits/women/93.jpg',44,'female','Лянтор','214Hubert.20@gmail.com','$2a$10$o0fOmK.dsCMEyceNQZh/P.Cl8ZPfCnHTd40cF5493jhyLv5UZhQBW'),(216,'Семён','Мамонтов','https://randomuser.me/api/portraits/men/50.jpg',31,'male','Сургут','215Tanner.@ya.ru','$2a$10$Vez5w9ONGN4eRzm9kgzNzuHGbNtwUiPpQPb5kMegHKlzuBeKEQxu6'),(217,'Константин','Морозов','https://randomuser.me/api/portraits/men/37.jpg',49,'male','Железногорск-Илимский','216Maiya57@hotmail.com','$2a$10$dUUNYS7lIZzkkDCzpNi4HO9xTcuIZqyoU3sKx.lWL9QmG73TuWRuG'),(218,'Илья','Петухов','https://randomuser.me/api/portraits/men/90.jpg',13,'male','Южно-Сахалинск','217Abigayle97@hotmail.com','$2a$10$YidHVD5bR/PEjqtHl/GczuHOptG/mokNzhqK4vsfqh6c4K0WA.6ve'),(219,'Станислав','Рыбаков','https://randomuser.me/api/portraits/men/80.jpg',60,'male','Гремячинск','218Emilia_@ya.ru','$2a$10$ewX77qp/JENYssf9E0mZY..IC5e5DpqFL/QxUNMe6ZEr89xeyxP8q'),(220,'Артём','Ларионов','https://randomuser.me/api/portraits/men/52.jpg',23,'male','Советск','219Max67@yahoo.com','$2a$10$E25raUu7h8vbPmoejMoyVu9jN1lrt3Mf4E6sZKxZcX2LbMmomsipG'),(221,'Виктор','Шестаков','https://randomuser.me/api/portraits/men/39.jpg',38,'male','Высоковск','220Nelson_96@yahoo.com','$2a$10$087f/NwAGrzd0.GJKrdIk.jyOgxA5iXO6LuMHKgXvKYgB.JkRCn1O'),(222,'Виктория','Гурьева','https://randomuser.me/api/portraits/women/12.jpg',70,'female','Короча','221Aimee24@yandex.ru','$2a$10$JC5dKH.kGXEtipov9N5VMeklohtvoaYIqQ09A.7b0vRxxuNwmil6G'),(223,'Кира','Киселева','https://randomuser.me/api/portraits/women/93.jpg',47,'female','Камызяк','222Peyton27@yandex.ru','$2a$10$DmYBDtvNVvzbOtiWu6qTOeTsijTYmdr5vHRVATcQ/StDn92LpNBsy'),(224,'Раиса','Фролова','https://randomuser.me/api/portraits/women/6.jpg',54,'female','Городище','223Daniella_@yandex.ru','$2a$10$AGa6M5R1.gIYY7NEH/pOY.1UJ3.VRePcM2JHDIxAblBIXNiDAG3E6'),(225,'Регина','Васильева','https://randomuser.me/api/portraits/women/46.jpg',17,'female','Куровское','224Jeff_86@gmail.com','$2a$10$WhdI5JL.l.UIH4.JzqY1EuP1T1GdnuC15tTUEfn/O7GSfnC42E4F.'),(226,'Альберт','Овчинников','https://randomuser.me/api/portraits/men/39.jpg',68,'male','Снежногорск','225Belle.@hotmail.com','$2a$10$jOdZJU7rcc2bz.OQ3gWCru2FGoDaD0NfQ7Y.2x/43vkB6bJIKADSm'),(227,'Борис','Афанасьев','https://randomuser.me/api/portraits/men/69.jpg',14,'male','Новоузенск','226Hollie_34@yahoo.com','$2a$10$yvU6p09Nl2nsjp0iazuSFuNn8M3wocrh2pq4pgiF0HMidSu1gn4RC'),(228,'Игнатий','Кулагин','https://randomuser.me/api/portraits/men/82.jpg',28,'male','Сясьстрой','227Kellie.@ya.ru','$2a$10$SMe30XBWGxCcpMPAMhzIyuSh2ogPhYIJTZEQyLtzRYr1mM/2FdXNy'),(229,'Даниил','Молчанов','https://randomuser.me/api/portraits/men/69.jpg',36,'male','Калачинск','228Adelbert.@hotmail.com','$2a$10$qHH31crugGo0OO4K6VJILe8E0PVniRB9vn2s3Uz2L16a55pdGRAMu'),(230,'Тамара','Крылова','https://randomuser.me/api/portraits/women/65.jpg',66,'female','Чусовой','229Dejuan_54@gmail.com','$2a$10$osB13nM/tYa6LwqZYEGuxOs2g/ZDowoVEGY1HO7l5jHXDO4ki/FzO'),(231,'Василий','Жданов','https://randomuser.me/api/portraits/men/23.jpg',18,'male','Обь','230Vance8@yahoo.com','$2a$10$BzSHUEcOSVofr6RX/7.2QOliUQCzjHMWFM12XK8GKRIWfjwtQrrxW'),(232,'Ирина','Зиновьева','https://randomuser.me/api/portraits/women/7.jpg',33,'female','Цивильск','231Elvera32@gmail.com','$2a$10$32elSehqepEzryeqAVmmxOw/R840qJ/czrHdQYM0HtLefNWSu38Ke'),(233,'Анжела','Беспалова','https://randomuser.me/api/portraits/women/74.jpg',31,'female','Уварово','232Roberto4@yahoo.com','$2a$10$EJ4kcwKbjqAWL3.n3DSB.udPHpgTs5H/l4rKQwMDmXDAE3972aB4e'),(234,'Арина','Уварова','https://randomuser.me/api/portraits/women/82.jpg',23,'female','Ирбит','233Elroy_@hotmail.com','$2a$10$OC8rIe56jMADUTeOcXlq4.l9Uktcg6mfQu.OiNE5qTjMtCYZ/WzEi'),(235,'Нина','Щербакова','https://randomuser.me/api/portraits/women/5.jpg',15,'female','Югорск','234Stefanie69@yandex.ru','$2a$10$4UiDLaJp4gAS0lfsQ2wJaOM0dZXRbko3LcxoiWtmbr7R6EwIEmhMC'),(236,'Валентина','Казакова','https://randomuser.me/api/portraits/women/8.jpg',17,'female','Орёл','235Adrianna60@hotmail.com','$2a$10$zHmnDdB7fyH4mDSjQHaWqu/hTLNmsVbHEwOPJ/W19Ma1jfuqW654.'),(237,'Евгений','Емельянов','https://randomuser.me/api/portraits/men/58.jpg',40,'male','Астрахань','236Mariela.20@ya.ru','$2a$10$gSVibCsAH4K47Bn2B5RbMeyUl.4OuYleNDubogfGzNjofUkTU3LQ.'),(238,'Римма','Турова','https://randomuser.me/api/portraits/women/25.jpg',12,'female','Агидель','237Reta87@yahoo.com','$2a$10$jD.Rs.PpsuEwYOyvUrfWN.ikT6azUrfEOtBo9zqNDDkhplMFbAnR.'),(239,'Валерия','Морозова','https://randomuser.me/api/portraits/women/76.jpg',62,'female','Вельск','238Jude.@gmail.com','$2a$10$OFWoskgZmPVoI9K23qFrO.wUNCeRJiQnBFY./jCNYRM1Pqz7c1qo6'),(240,'Альберт','Дроздов','https://randomuser.me/api/portraits/men/73.jpg',17,'male','Полесск','239Sylvan.@gmail.com','$2a$10$yQPpDW5B/ArTxXc/Vwzw5OQfaxEr/5.WNFpVWD4LpBkp5xRsIzToy'),(241,'Анжела','Мартынова','https://randomuser.me/api/portraits/women/13.jpg',15,'female','Комсомольск-на-Амуре','240Sabrina64@yandex.ru','$2a$10$WFn1CWA.Cleh8BAB.cbLE.hSP4v1pqPp/gfmbW49dYFZA8qoElaBy'),(242,'Иван','Мухин','https://randomuser.me/api/portraits/men/96.jpg',45,'male','Северодвинск','241Cordie.99@yandex.ru','$2a$10$gdPj1z.HouFE4y3srZK6LuGGfL8BJJgNa6BhBdcTWXkrsyv0M7Zla'),(243,'Екатерина','Белоусова','https://randomuser.me/api/portraits/women/59.jpg',66,'female','Губкин','242Wellington.43@yahoo.com','$2a$10$kZ5h78caPYHYO.2A9a9STOl4gLXtWjXV/XRRz9upTE1lCQmCCg9me'),(244,'Ксения','Тихонова','https://randomuser.me/api/portraits/women/40.jpg',18,'female','Сухой Лог','243Daisy41@hotmail.com','$2a$10$phj.uUxAvqoV3PuVeNz7Jeb40DNJ.qS3uUCm1oz8f/1diyJNrazjK'),(245,'Олег','Гущин','https://randomuser.me/api/portraits/men/42.jpg',42,'male','Вилючинск','244Josiah.70@ya.ru','$2a$10$4PkMCFDJwhQMMGPbowRIfOzeUmeh8BgUrmo2YTDZVoa/kwa6LNoTW'),(246,'Ульяна','Корнилова','https://randomuser.me/api/portraits/women/94.jpg',70,'female','Туапсе','245Fredy.@gmail.com','$2a$10$X2442YB6d84woZmmXyKXvOWjKyjrBLUEmCseLE6wu6l2cs0Rns532'),(247,'Раиса','Мишина','https://randomuser.me/api/portraits/women/12.jpg',45,'female','Нижняя Тура','246Kira37@yandex.ru','$2a$10$UyiDl9gfXenox0JLz2KQxOzKPl5hC35ZtlluSJJy42.bqTc3owOIG'),(248,'Ярослав','Кудряшов','https://randomuser.me/api/portraits/men/63.jpg',15,'male','Краснозаводск','247Kathryne.4@mail.ru','$2a$10$BFq9IZzVvZ6lF9tJphs5x.u6NhyMuVZidLJ2eUECfzWDBO6UZOawi'),(249,'Лука','Никитин','https://randomuser.me/api/portraits/men/9.jpg',13,'male','Нариманов','248Sheila55@mail.ru','$2a$10$FnJCLnuNSMVfPeGV2qNI1eru8kBwFyVf0.aZiBObp2DO4gk5Pl3nO'),(250,'Жанна','Кулагина','https://randomuser.me/api/portraits/women/7.jpg',58,'female','Гудермес','249Hunter.70@mail.ru','$2a$10$LqkumdA00D9wRlT9JHaW.ucrgXmm/5jFebHbWxUWv9YdsX/QDCdE6'),(251,'Степан','Пономарев','https://randomuser.me/api/portraits/men/63.jpg',18,'male','Кирсанов','250Antonia.@yahoo.com','$2a$10$JeNj8RjTRX5R6CwjX7WFZePNxJWcAsOdMhJyQCZH1J5WtAxUnSCpq'),(252,'Тамара','Фомичева','https://randomuser.me/api/portraits/women/11.jpg',70,'female','Нефтеюганск','251Kathryne29@mail.ru','$2a$10$8FEiDE.ZYcGe0jutUaZfx.BGzKHnUTWfRLmGRQRqCr2KGmJECIhKm'),(253,'Жанна','Муравьева','https://randomuser.me/api/portraits/women/76.jpg',23,'female','Раменское','252Cecilia25@hotmail.com','$2a$10$LXqfJsLp46M0L6v0Q1R2mucyQkPfVfRSbwChGJIwW0EtfOF/rto6O'),(254,'Клавдия','Панфилова','https://randomuser.me/api/portraits/women/6.jpg',52,'female','Зарайск','253Mariana_21@gmail.com','$2a$10$s.gWxPLeSkUJW9AXFex4FeAEKkSmfzMD3SHTOITPs4B5gChEjdHHC'),(255,'Наталья','Турова','https://randomuser.me/api/portraits/women/82.jpg',65,'female','Сычёвка','254Alden93@gmail.com','$2a$10$QOo.m6zjx9jEiujPf2pwNuMm2rb/rrtZspDsIqbmE9t69GPveuZyC'),(256,'Аркадий','Туров','https://randomuser.me/api/portraits/men/40.jpg',16,'male','Новая Ладога','255Ulises.18@hotmail.com','$2a$10$vB39lcXCcZ1Muagi2w0U5OMk.utXbsRYFNeUY6RfymWnRu.729Cmm'),(257,'Анжела','Игнатьева','https://randomuser.me/api/portraits/women/70.jpg',24,'female','Ковылкино','256Elvis.87@hotmail.com','$2a$10$jK0I/bNL.tAFUWLuOO/fKeFgXv6Z.3KxoJpNiFkxHC0nuwBMR37qK'),(258,'Кира','Кудрявцева','https://randomuser.me/api/portraits/women/24.jpg',26,'female','Тогучин','257Veda.@ya.ru','$2a$10$yQ.MKZPilekkcvoxTq2mte5gENr7UdLKM8QSjgf5rO54bEi8UPyry'),(259,'Любовь','Воробьева','https://randomuser.me/api/portraits/women/88.jpg',59,'female','Покровск','258Glennie98@gmail.com','$2a$10$J1Yl63TZqxUXaccFu2tP.ucAW6p58mjYxpG.vdoXtw8rKBSy1kkFO'),(260,'Дарья','Емельянова','https://randomuser.me/api/portraits/women/8.jpg',69,'female','Моздок','259Johnnie.55@yandex.ru','$2a$10$ugXHVbkhK.IlHc0Wv8U1nuATwG5JPq5AMsMy2iKTEaTqdfvfhCBMO'),(261,'Юлия','Шилова','https://randomuser.me/api/portraits/women/84.jpg',53,'female','Артём','260Marcelino66@hotmail.com','$2a$10$039FuaeKFYUn4R.oqybAPOyWQqeGvyo9A3SXNl8LirEgWNpsP/U/C'),(262,'Артём','Михайлов','https://randomuser.me/api/portraits/men/1.jpg',31,'male','Моршанск','261Alfreda.@yahoo.com','$2a$10$FH1KrEfvxG3eGgkQjJdCGu1Ayq8lcVXE2CoOeJlYfPF/qiKd.1FXy'),(263,'Регина','Петухова','https://randomuser.me/api/portraits/women/54.jpg',53,'female','Льгов','262Percival23@yandex.ru','$2a$10$oRsvMNhbLmrQzlVQPfJGk.wiZVP3Zql/mr.KOONId6.FOOLb04aya'),(264,'Валерия','Егорова','https://randomuser.me/api/portraits/women/17.jpg',16,'female','Богородицк','263Aurelie_@mail.ru','$2a$10$bgKLtKENskCuE8fNfnF8TetH4VvyWw3Zfw04B/5evCj896v2c3RcS'),(265,'Надежда','Михайлова','https://randomuser.me/api/portraits/women/87.jpg',31,'female','Искитим','264Leila_8@hotmail.com','$2a$10$.r/jm.j6QNeiJRiG8w0FueZp1.8HZYHxozjZNeeoNYg6juudyhKH.'),(266,'Ольга','Потапова','https://randomuser.me/api/portraits/women/42.jpg',50,'female','Омск','265Reynold54@mail.ru','$2a$10$qtU5gFyW3T0deMHE41wicu6SCJmb8VC6Vqe3.BqSa1BpOdzYL/hla'),(267,'Ульяна','Макарова','https://randomuser.me/api/portraits/women/36.jpg',33,'female','Володарск','266Erin_19@hotmail.com','$2a$10$pTmTNE/xat0FmUfm.HCJR.mQQyUCV2S8IyKKjgh.HT0j9P1FRcggu'),(268,'Клавдия','Лебедева','https://randomuser.me/api/portraits/women/33.jpg',20,'female','Приморско-Ахтарск','267Everardo6@yandex.ru','$2a$10$QOwdZytm3HTOcs5ZicOavuBWiTOPknhSgf6mpOcizOl5G6uY9ekq6'),(269,'Роман','Нестеров','https://randomuser.me/api/portraits/men/70.jpg',30,'male','Щучье','268Hannah_88@ya.ru','$2a$10$WJ1adkvshgSC5yDZd7bxSuEaFfbbim0pKVDMl5PjsUJlbNt2hZUQK'),(270,'Вадим','Бирюков','https://randomuser.me/api/portraits/men/46.jpg',65,'male','Усть-Джегута','269Kiara.@ya.ru','$2a$10$yB.t4wyOV.qJZhJse8i8dOhDPeVKaPhbeA0385DQZzbjMi8I6ZH9K'),(271,'Дарья','Киселева','https://randomuser.me/api/portraits/women/62.jpg',66,'female','Ясногорск','270Makenzie.62@hotmail.com','$2a$10$8WbZ2rTZgaMFD3cLuGq9fuLVzZq2KxyK9FezOia4DCtyAgW9O6OH6'),(272,'Вероника','Лапина','https://randomuser.me/api/portraits/women/52.jpg',21,'female','Сорск','271Betty79@yandex.ru','$2a$10$BhN7jWY1JRPTGpbzNeLwnOBNHz56Hm8I./T7kuPzd5NyMj7K1LFyS'),(273,'Людмила','Васильева','https://randomuser.me/api/portraits/women/22.jpg',20,'female','Ивантеевка','272Joan.40@ya.ru','$2a$10$JFr22QTZE96WfOcRUwsy1eTHJFL.Mhlh4lCMVN5qhhn6u/Yrzx/n6'),(274,'Семён','Копылов','https://randomuser.me/api/portraits/men/83.jpg',35,'male','Дрезна','273Barney_43@hotmail.com','$2a$10$Giyvj0qTtjlCrJek.R/e0.ge8WjaUk93UFkA11Qs6bqBm1CnLcGWa'),(275,'Виктория','Исакова','https://randomuser.me/api/portraits/women/43.jpg',53,'female','Юрюзань','274Gabrielle.34@yahoo.com','$2a$10$yO3WUesHV/XRU22x0dJO9O.GvDCOefjdrgQ8/eI1juY89MrhG3YIm'),(276,'Антон','Козлов','https://randomuser.me/api/portraits/men/78.jpg',29,'male','Лермонтов','275Abel_87@hotmail.com','$2a$10$uT4tC1oO19AASPbuqUv0xuq87rRTUuilVCiHNDU0xlOMXxx.p/8Zi'),(277,'Ксения','Корнилова','https://randomuser.me/api/portraits/women/87.jpg',45,'female','Ставрополь','276Baron94@yandex.ru','$2a$10$OqBKKT7b8lZ6QX5HmnbmlucrqXaYUEo1vpiAisBIRHG/LrcKrlhIi'),(278,'Макар','Кудрявцев','https://randomuser.me/api/portraits/men/76.jpg',59,'male','Назарово','277Laura_@hotmail.com','$2a$10$Qe8noG5UQM8vgQPvxfkYO.dwtkrEz6UWetJT7/gLWzB6.5ZyNZ3ma'),(279,'Тамара','Петухова','https://randomuser.me/api/portraits/women/55.jpg',49,'female','Братск','278Jaclyn20@yahoo.com','$2a$10$eMh40C2L2SiXGnSlZZ2AyOikxnc6BE.GXyBvUdz32RgY5F1.acZWW'),(280,'Антон','Шашков','https://randomuser.me/api/portraits/men/54.jpg',56,'male','Певек','279Alvera74@hotmail.com','$2a$10$C3yANBay87ogq.8aMjiOeOCYTPpDMW0gXMeSXgProBkYL4a1s6o5e'),(281,'Станислав','Коновалов','https://randomuser.me/api/portraits/men/81.jpg',63,'male','Советский','280Xander46@yandex.ru','$2a$10$HwZ5MTVPlLW62h5xITDZ6.ta4/Lg9kYuaNWPvcWK5PZIf82D0iTZu'),(282,'Ксения','Русакова','https://randomuser.me/api/portraits/women/86.jpg',40,'female','Нижний Ломов','281Lyda.@yandex.ru','$2a$10$sH23T.WhlCuyQWTZ.6tz4uwopXgQ382qCOtxlVrpi0bisCQRlILQa'),(283,'Эдуард','Исаков','https://randomuser.me/api/portraits/men/57.jpg',12,'male','Хилок','282Nelda_38@hotmail.com','$2a$10$Yeu3U8Z8VryHCM03/70SC.GhlIvAX1kB2JqQ9689py5BWnE0DpwIK'),(284,'Алексей','Туров','https://randomuser.me/api/portraits/men/53.jpg',13,'male','Купино','283Braden.44@mail.ru','$2a$10$zsyUus4pM22c4bO/Kc.ZH.gfRMVRCQZO63R7Ky37Dkx7TQFQb3ExS'),(285,'Владислав','Шестаков','https://randomuser.me/api/portraits/men/74.jpg',35,'male','Славгород','284Dustin.@mail.ru','$2a$10$P8LuSZyPAHYnOETIkLzdK.OTAEtYxdBjiCccHYkPwDlDjkanoLaPW'),(286,'Степан','Степанов','https://randomuser.me/api/portraits/men/21.jpg',39,'male','Дюртюли','285Israel57@gmail.com','$2a$10$lKpKkv3IvessPJ38Q4e61uCXAFCGNZSr7F1KbV0jdQuBrNB6Q3GS2'),(287,'Борис','Калашников','https://randomuser.me/api/portraits/men/77.jpg',13,'male','Инсар','286Augusta.@yahoo.com','$2a$10$2pOaJnX7J6ubQg54NyfrC.c01IOvt2MiohOPsc6YQntrEST5Z3.e.'),(288,'Алёна','Маркова','https://randomuser.me/api/portraits/women/85.jpg',62,'female','Лобня','287Sherman70@gmail.com','$2a$10$JSeopDul.KkDgcoWd44wpe.gQ3asUWqsUmDFvdz2Gylx/C7xbJqn2'),(289,'Анатолий','Филатов','https://randomuser.me/api/portraits/men/4.jpg',32,'male','Новочеркасск','288Ardith10@hotmail.com','$2a$10$yvzwzb0Cyhnoyb/2/kHWSOYdHN686vbJUs.ueK.KSlq6ziNaTRPOu'),(290,'Алёна','Егорова','https://randomuser.me/api/portraits/women/25.jpg',28,'female','Холм','289Paris.36@mail.ru','$2a$10$63iJ6W98Yb6/ev8tb2Yhb.98e0TYQdbwhnY.4EU4t.d33obXJH/pK'),(291,'Маргарита','Кулакова','https://randomuser.me/api/portraits/women/49.jpg',50,'female','Богучар','290Cornell39@yandex.ru','$2a$10$rPp/ac/i0z2JItcNNQg6VeTx7POqbQWnCeM58uZKCNlUErEexyai6'),(292,'Станислав','Марков','https://randomuser.me/api/portraits/men/10.jpg',23,'male','Гурьевск','291Marc38@ya.ru','$2a$10$rn5hbEUg5WqQZDsGJVIeheMN0bT1645RFV2eWM/nvoNWsVfVM6uOm'),(293,'Иван','Афанасьев','https://randomuser.me/api/portraits/men/9.jpg',12,'male','Волхов','292Torey47@gmail.com','$2a$10$QGW3TM5.jwLPVkSNUhz1MOosVapOlIpscohmeI1ovcqNR2XcXcAY.'),(294,'Егор','Ковалев','https://randomuser.me/api/portraits/men/73.jpg',64,'male','Могоча','293Catharine.3@yandex.ru','$2a$10$PyuZwKcUjETUgDrKsAwUBO/80U1kTtMSFEbYZe8Uoq1xs4jtm5oYa'),(295,'Денис','Кириллов','https://randomuser.me/api/portraits/men/86.jpg',51,'male','Руза','294Wilmer.72@yandex.ru','$2a$10$qkYK34v54kEpImKm0P8iSO7HBxJjYVSYCzuqRHHcUiZGEb73v50yK'),(296,'Владислав','Рожков','https://randomuser.me/api/portraits/men/66.jpg',35,'male','Кириши','295Kaylah_65@hotmail.com','$2a$10$zG6UqB02cZyyENV1NeEA5ONtWf2t61Fbdyp3rvQ5btjwkmfcTdFbm'),(297,'Арсений','Гаврилов','https://randomuser.me/api/portraits/men/9.jpg',66,'male','Мегион','296Ila_91@ya.ru','$2a$10$L46Rc4P7zXuVnnKgr/ZCEe6qG.n3wNj3Q64ZXgpFv5S7hxs2W5O9O'),(298,'Фёдор','Крылов','https://randomuser.me/api/portraits/men/73.jpg',64,'male','Берёзовский','297Bennie41@mail.ru','$2a$10$nmVc/5SsbcfrM75dz4jBUub5M3qOiX0vm/SJKgWglTOgNU9g5Dnua'),(299,'Юлия','Агафонова','https://randomuser.me/api/portraits/women/52.jpg',63,'female','Георгиевск','298Isaac65@yahoo.com','$2a$10$M91mXgnFERpO/rj28kA/iOSqLCVNmYEgjH2uEowPEE2kTPs5RFdjm'),(300,'Анастасия','Наумова','https://randomuser.me/api/portraits/women/84.jpg',42,'female','Всеволожск','299Raheem85@yahoo.com','$2a$10$5VfuZ93G9ME3OzHEL.11m.NKT821Evm/aZCAxFpZY1vnqN0X9NoXe'),(301,'Регина','Куликова','https://randomuser.me/api/portraits/women/60.jpg',18,'female','Агрыз','300Deborah_28@ya.ru','$2a$10$ilHBaMIk5QEW9siI7RPoWeYAKB4hW6AIN3jqg6ySaTPpkMgVRMLC.'),(302,'Вячеслав','Евсеев','https://randomuser.me/api/portraits/men/33.jpg',24,'male','Мегион','301Loyce.@mail.ru','$2a$10$woFUp7RbcRnDh4VJNURg7etqtWjkmlgVZEr2pqDEU45/hudg0m1v2'),(303,'Антонида','Одинцова','https://randomuser.me/api/portraits/women/83.jpg',20,'female','Нерехта','302Tate.@yahoo.com','$2a$10$QceQFR01a9FLJpnSgfpEVuu9TmRMb7p3Rqqo7ws9dsLH4mrGsxEs.'),(304,'Валентин','Третьяков','https://randomuser.me/api/portraits/men/64.jpg',37,'male','Макушино','303Deven_@ya.ru','$2a$10$BCoG7se0fvOy7UWIW99tI.M.PEcTwpdkPUNlaf7EqOhqVb4N5.bmC'),(305,'Валерий','Суворов','https://randomuser.me/api/portraits/men/58.jpg',57,'male','Орёл','304Emory.62@mail.ru','$2a$10$gcPg/gSoUENscXght5RHWOKcXykg1rVQYciq0GmAYMSHNIGQSpOTG'),(306,'Ольга','Аксенова','https://randomuser.me/api/portraits/women/79.jpg',58,'female','Улан-Удэ','305Karl.@mail.ru','$2a$10$g87GPMANrtg.ApKG6Sf9EOxRvJljat8HflaoQBJ1sBQG/7.UBVQRm'),(307,'Анатолий','Кузьмин','https://randomuser.me/api/portraits/men/81.jpg',31,'male','Осташков','306Lina_84@hotmail.com','$2a$10$i47RNx3M4FB3YUDzuGTn3edBDlf.bKCS0gHrk7wBvmCRgIF1JSQj2'),(308,'Юлия','Полякова','https://randomuser.me/api/portraits/women/18.jpg',70,'female','Руза','307Blaise8@hotmail.com','$2a$10$Jub99zgfolm0ZAGD4OxmqutfetbhQmRETYegdzNrm9JnbRnuHe2Jy'),(309,'Евгения','Соболева','https://randomuser.me/api/portraits/women/6.jpg',24,'female','Южа','308Ed43@gmail.com','$2a$10$sXdHPQgjAaQ1wT9UOaBxIeZaVl1z8h3uO087F1wxHHLpWShv4SeVG'),(310,'Анатолий','Харитонов','https://randomuser.me/api/portraits/men/64.jpg',70,'male','Дербент','309Frances91@hotmail.com','$2a$10$d9c/H7c/V5vmZCNfZGtSTOJXq7vdWUOvK2sremEoPynhZHFMf8GCy'),(311,'Наталья','Силина','https://randomuser.me/api/portraits/women/84.jpg',30,'female','Гурьевск','310Wallace.97@yandex.ru','$2a$10$7Td.PdZyI4FoavlLgvzV9O2pKYttKynle2oTtoVANxzbfY/WNX3RG'),(312,'Арина','Пахомова','https://randomuser.me/api/portraits/women/64.jpg',19,'female','Ялуторовск','311Lorna_0@gmail.com','$2a$10$ssVGMd697gjATY8UOC8qbOuaHpO.H5hYlPn/O.i7LrMYrCwBoLhuS'),(313,'Макар','Зайцев','https://randomuser.me/api/portraits/men/44.jpg',45,'male','Палласовка','312Jermey_@ya.ru','$2a$10$FlOKSGl9DOot88lrB1GkbOHcktOlV9BLCEemwCoXrotMHBZd9stGK'),(314,'Юлия','Федорова','https://randomuser.me/api/portraits/women/69.jpg',15,'female','Нижнекамск','313Henry_@gmail.com','$2a$10$ir.0Tw2qpqPB0TdgU8IWlunhHXqML0E0H975IRmlG1vH8Z4BNFNbW'),(315,'Антонина','Игнатова','https://randomuser.me/api/portraits/women/83.jpg',32,'female','Нурлат','314Martine_7@yandex.ru','$2a$10$Pj0NV/d6tLxujrVoKNlhZOZfvTNwy7J0T0HLbD.VPdE/7AvX9droa'),(316,'Лариса','Казакова','https://randomuser.me/api/portraits/women/18.jpg',28,'female','Красный Сулин','315Orval.61@yandex.ru','$2a$10$QtCK1pNg.jy8IPoxD02/BemfUkHD0C8d5RFsH5Xv1rTOSC7JP1.5C'),(317,'Раиса','Федосеева','https://randomuser.me/api/portraits/women/49.jpg',44,'female','Лесозаводск','316Leilani_@ya.ru','$2a$10$oUWhZyd//G7nqAPYf1JLRODyFQ394OJpt9OhcXdT88uTN3zGF0xZC'),(318,'Тамара','Панфилова','https://randomuser.me/api/portraits/women/39.jpg',49,'female','Сельцо','317Katelin.@gmail.com','$2a$10$aJI9NbwUAcJAQxqxduAaneWItZoewN6FMMujksmp8pBC59V6gLMZy'),(319,'Даниил','Жданов','https://randomuser.me/api/portraits/men/55.jpg',28,'male','Южно-Сахалинск','318Mayra51@mail.ru','$2a$10$FpkTULxp.YhTwbttt4nwruzGTF0gPpXrPTTz0elhoTvLhBumifuZC'),(320,'Арина','Вишнякова','https://randomuser.me/api/portraits/women/31.jpg',25,'female','Трубчевск','319Francesco.@ya.ru','$2a$10$qkJmeiY8UTkl1e/WKLdmH.qG2EhBS7/PHv4YaU3SyNQTXL0E0857O'),(321,'Дарья','Баранова','https://randomuser.me/api/portraits/women/75.jpg',40,'female','Ивантеевка','320Maximo.@ya.ru','$2a$10$Tnoia.m10.BkLrhvhM7ziubInYCbLPE4GlIPRzx0qjKi8UL6xNr2K'),(322,'Клавдия','Муравьева','https://randomuser.me/api/portraits/women/95.jpg',30,'female','Ликино-Дулёво','321Deangelo58@ya.ru','$2a$10$JsuOZtnCTA/ywfgS6QlD5.j2oK.N6hptsDJ2P9e/FFY8ORJGCMPuq'),(323,'Римма','Лыткина','https://randomuser.me/api/portraits/women/7.jpg',17,'female','Дальнереченск','322Shanel_58@yahoo.com','$2a$10$MXGUOm3p6g6HKfxdaNjNh.Li9ZER796FQ.qtgILWrBwz/dIDBG2QG'),(324,'Зинаида','Артемьева','https://randomuser.me/api/portraits/women/88.jpg',21,'female','Искитим','323Fannie65@hotmail.com','$2a$10$64bDsnLiTaZFLp1YEaIGjOOU49iZC20F3n1kAMGi4jg7RxXzjz7Sy'),(325,'Екатерина','Стрелкова','https://randomuser.me/api/portraits/women/16.jpg',30,'female','Тверь','324Mustafa_@yandex.ru','$2a$10$RBSF0NPso9P4iIrMz7eph.uJXSesS8QBVXRCNHbmbzs.6zTJz2Fpi'),(326,'Герман','Буров','https://randomuser.me/api/portraits/men/13.jpg',67,'male','Златоуст','325Katelyn_@hotmail.com','$2a$10$k8NFxJoW55HkGXCK2Up8FumsBiLukhHBeHztv43vQtXWg2R653J8a'),(327,'Максим','Самсонов','https://randomuser.me/api/portraits/men/35.jpg',61,'male','Кореновск','326Davonte89@mail.ru','$2a$10$s1zIHs8/Bf8kpXsBbRv0oOntsbPaewgpAjX80oSZHnbMXk9G6p2w.'),(328,'Вероника','Одинцова','https://randomuser.me/api/portraits/women/55.jpg',24,'female','Дигора','327Raegan.48@hotmail.com','$2a$10$kJbKZwUWH4Mrd97nk1QLs.3.4KuFoL38b.CZ/W8PGqNrKRQV/608G'),(329,'Виталий','Евсеев','https://randomuser.me/api/portraits/men/1.jpg',46,'male','Белебей','328Owen61@gmail.com','$2a$10$VVq/CH.9HwOZBFtCtvR9OeAHw5seNvgEohjb7qJ2.GjS5dhNAg2MO'),(330,'Денис','Агафонов','https://randomuser.me/api/portraits/men/61.jpg',16,'male','Кохма','329Paolo9@yandex.ru','$2a$10$T/YV2rvnAdJuFfOtzuPVke9O4z9gDOjzBihkVP7Ad3TqDn3CmNZeS'),(331,'Валерия','Мясникова','https://randomuser.me/api/portraits/women/14.jpg',67,'female','Верхний Уфалей','330Chasity.15@ya.ru','$2a$10$ogcotUeVskwWJuygPJexxeYND5EuhuK0hW9l0fwLcw4EpeJVayOqy'),(332,'Оксана','Овчинникова','https://randomuser.me/api/portraits/women/45.jpg',59,'female','Нижняя Салда','331Myra1@hotmail.com','$2a$10$tQkAn0V0FUIWwC2TQ1jED..QReV2IporgjsizQ.bIUlP7RfkQiHai'),(333,'Александр','Архипов','https://randomuser.me/api/portraits/men/97.jpg',34,'male','Вязьма','332Marty48@ya.ru','$2a$10$imRdICIgmMz5BonLI9E0cOfXh4qAs.x.xedxEHSro52NOFHvEnDqm'),(334,'Елена','Ефимова','https://randomuser.me/api/portraits/women/26.jpg',42,'female','Новотроицк','333Cassandra_87@ya.ru','$2a$10$y00l0iEmXCzp8B2Nj9WvbuvyxBER8.8SVAMa1dtshUSmrUleiKD/m'),(335,'Вадим','Лыткин','https://randomuser.me/api/portraits/men/78.jpg',56,'male','Щёлково','334Cristal87@mail.ru','$2a$10$vWjUvoeVpDMd3WicDrJ5q.kreDRhCy1.Vdae14esiW6eDxkBoveQ6'),(336,'Ангелина','Панфилова','https://randomuser.me/api/portraits/women/62.jpg',15,'female','Кировск','335Lazaro.44@yahoo.com','$2a$10$l/3AWZSNVN6u9i6EeCE8z.BNlFpyJezc74ZLJplxTA72.oAvXKza.'),(337,'Денис','Логинов','https://randomuser.me/api/portraits/men/8.jpg',48,'male','Дигора','336Gene_@yandex.ru','$2a$10$ftNSUKfgfEOQE1Cr8.VhPuXoxt1e1iDTgURQTD6dkXLbHarI5.2zC'),(338,'Алевтина','Николаева','https://randomuser.me/api/portraits/women/80.jpg',23,'female','Нарткала','337Curtis_@yandex.ru','$2a$10$1n1hZ791XY8h.zG2f5BJueGaJJ3tC04/MKel0LDAc37F6IqYCxNNO'),(339,'Артём','Захаров','https://randomuser.me/api/portraits/men/14.jpg',26,'male','Горнозаводск','338Jess.@hotmail.com','$2a$10$Py0LAe1KzyNDjRTY3OXYnO2sV1W5cFbZQXnS9PRk44CCMVaTTTuKm'),(340,'Лидия','Евсеева','https://randomuser.me/api/portraits/women/51.jpg',29,'female','Юрьевец','339Clifford.12@ya.ru','$2a$10$.FTA6QfjStg6S6XJIHOTpOrm0coOswaVLfMJ0gzB9xW1vtgDVoQWK'),(341,'Таисия','Ефремова','https://randomuser.me/api/portraits/women/45.jpg',55,'female','Данилов','340Marlen.21@yahoo.com','$2a$10$wqTsVj0sETZ4/zapsCTAfuXFjSWicj.nvXD5WZmdy.PJNhSTr4hhG'),(342,'Юрий','Князев','https://randomuser.me/api/portraits/men/12.jpg',60,'male','Комсомольск','341Lewis.@hotmail.com','$2a$10$QDZaTJtS7SCFJWLcweGvEO0uqYMwVzxN0B2YCjyOKcqjZBd4NIbfi'),(343,'Зинаида','Никонова','https://randomuser.me/api/portraits/women/8.jpg',28,'female','Оленегорск','342Joanne_@gmail.com','$2a$10$9o7QvYhWWlD3OEe.rhBpnOpiYoD1gGQ5UbDTbUX6y8ytultpJYmre'),(344,'Альберт','Исаков','https://randomuser.me/api/portraits/men/71.jpg',57,'male','Теберда','343Jamel.20@gmail.com','$2a$10$YzV8Z2yCQtB4jGn7JA3Jzu31l6vZ3TmDwIb5K5Ih0FvEB6x4KG856'),(345,'София','Кузьмина','https://randomuser.me/api/portraits/women/26.jpg',60,'female','Благовещенск','344Chad.30@gmail.com','$2a$10$tyvdTJuDK1nH9A6NQ7AXPeCj8OGCjApeF4tws8i13e9OGAcOY65iK'),(346,'Вадим','Киселев','https://randomuser.me/api/portraits/men/7.jpg',33,'male','Белёв','345Kareem45@ya.ru','$2a$10$zmdQSDvbO4KPuGRGR5y2AestBYAVfs/1L2qVQsN3nDzLfoqCIoEke'),(347,'Оксана','Терентьева','https://randomuser.me/api/portraits/women/89.jpg',18,'female','Отрадное','346Guido_71@hotmail.com','$2a$10$WqmM47rCBV.3TZ3upX5XkeSlS7KHp.UIBDq1fWG.RMBMDH5wxK/Bu'),(348,'Василий','Блинов','https://randomuser.me/api/portraits/men/76.jpg',68,'male','Краснокаменск','347Leonardo.@gmail.com','$2a$10$NnP/R2hsZqaDGHPEp/SFVOer6QlMHYNUX6wyC9VZ58oqJaqAMhou6'),(349,'Елена','Кудряшова','https://randomuser.me/api/portraits/women/36.jpg',16,'female','Сызрань','348Antwan.1@mail.ru','$2a$10$cqkXBHwRC6oA00e6XbRX2eORCeJqZuynlbBFNn8bbSlGF7bvXYqTq'),(350,'Анна','Корнилова','https://randomuser.me/api/portraits/women/82.jpg',28,'female','Чухлома','349Casimer41@yandex.ru','$2a$10$2xr6LxABe2kzlqyO4.A2Y.QERLlbdXM6U6bw62jJWlLvP7k8vISBG'),(351,'Маргарита','Мухина','https://randomuser.me/api/portraits/women/43.jpg',42,'female','Сокол','350Clint.@mail.ru','$2a$10$Q1b7HimXH9djEyLXtwRSMe9nQoDDcFX49uKi9RykAysNVAvcyswT.'),(352,'Жанна','Бобылева','https://randomuser.me/api/portraits/women/48.jpg',60,'female','Кудрово','351Carol46@yandex.ru','$2a$10$8U4IBH.5Ch0ussCFWI07Z.6WKeiZSwJn.s5jOTwYHU87S5YxpKvbe'),(353,'Виталий','Котов','https://randomuser.me/api/portraits/men/48.jpg',40,'male','Подольск','352Jonatan_54@hotmail.com','$2a$10$ilMmf7/q36exAyrdZVgVNuRR5bo6kyoj26A1foR75BwEP/IiX/pLa'),(354,'Вера','Морозова','https://randomuser.me/api/portraits/women/28.jpg',62,'female','Десногорск','353Montana_@hotmail.com','$2a$10$14IcAEarYmekGsfXl074CufEDp.s8watXlCL1nmlUifx.Y6MhOBae'),(355,'Варвара','Быкова','https://randomuser.me/api/portraits/women/69.jpg',35,'female','Аша','354Randy.42@yandex.ru','$2a$10$8o1EGRDKdbFLcH/vE2nFCuOw7pLaz8ftC1zubTyXbLaCBkASt79.G'),(356,'Сергей','Лебедев','https://randomuser.me/api/portraits/men/0.jpg',25,'male','Темрюк','355Eveline.2@mail.ru','$2a$10$3PG7X6PS88OfGwru63..yu1GX9DjqoXA1dP5ktOgXwmH001LO.Fci'),(357,'Николай','Харитонов','https://randomuser.me/api/portraits/men/83.jpg',60,'male','Щёлкино','356Fabiola.@yandex.ru','$2a$10$CDpu8rEuKPm9TlBOnLnzTuHxl4F3hVBC8/YIpCb97McZWj8N6F8o2'),(358,'Ксения','Фадеева','https://randomuser.me/api/portraits/women/1.jpg',46,'female','Судогда','357Reed_@ya.ru','$2a$10$c.xIF.1cop478EILvG50Au/oVrWuUPsi7XheVd9TKHSmgLTql.5Q6'),(359,'Леонид','Федотов','https://randomuser.me/api/portraits/men/26.jpg',22,'male','Электроугли','358Mikayla57@hotmail.com','$2a$10$rLD1wDxIDhXzUt2YNbZHlO7wAn3t4vUpOVW8OY56CWBEmXq3FT3QS'),(360,'Иван','Константинов','https://randomuser.me/api/portraits/men/55.jpg',14,'male','Жирновск','359Vivienne_@ya.ru','$2a$10$P.w7qHWyjnZSbgk6PsHY0e8JWpHw.9rbnVR5HZPpcO23UPB0eW8fm'),(361,'Вероника','Харитонова','https://randomuser.me/api/portraits/women/80.jpg',34,'female','Сосногорск','360Peggie70@ya.ru','$2a$10$a/sm/15u/7wp9ttHG2G.S.7tfhbw8VNpSBZnf7oLDwA48fqT5XU9e'),(362,'Виктор','Шашков','https://randomuser.me/api/portraits/men/89.jpg',26,'male','Миасс','361Nicholas.@yahoo.com','$2a$10$iq9pRxij/RGzAz4iesYUveV6X7Wku0wX11sFiLbnFugPrcrBOl1LW'),(363,'Надежда','Николаева','https://randomuser.me/api/portraits/women/77.jpg',36,'female','Олонец','362Bethel.@yandex.ru','$2a$10$qakPQCla4k5qTqi00QwNEer65x.tP0Z18qaE7u1doptyiRJ2qRzuu'),(364,'Иван','Мясников','https://randomuser.me/api/portraits/men/37.jpg',22,'male','Киров','363Louisa32@hotmail.com','$2a$10$bi6MDNZ/inE7O.LdFrKBseR1UgDopeq.XlWame4NiKoWNcVZYBEuu'),(365,'Кира','Медведева','https://randomuser.me/api/portraits/women/50.jpg',55,'female','Красноармейск','364Toby_@hotmail.com','$2a$10$KvzRGMhCMYkPB3ejtwrkee31L0.5sisdUpE.DQ8NMw62J2Vy2rAgy'),(366,'Нина','Данилова','https://randomuser.me/api/portraits/women/75.jpg',17,'female','Кувшиново','365Juana.@yandex.ru','$2a$10$aRtj7.2k4/.3aNqcSEWxOulCA1cw033gjILhTiz5G5pub8T9Q/5o2'),(367,'Борис','Павлов','https://randomuser.me/api/portraits/men/94.jpg',61,'male','Суровикино','366Jules_92@yandex.ru','$2a$10$sLXH.Ok4qkegUWM5AxsbRuyPbfCb/6Y1i8IR0N8j6c0Fm6I1Uih26'),(368,'Леонид','Воронцов','https://randomuser.me/api/portraits/men/99.jpg',43,'male','Лодейное Поле','367Jaden.@ya.ru','$2a$10$e56F2A9HpRIVBItEJA2MJe0OeaWdzsC6t61TSOjlGXkHHzN4yuzHO'),(369,'Валентина','Третьякова','https://randomuser.me/api/portraits/women/9.jpg',31,'female','Мосальск','368Lauryn36@yahoo.com','$2a$10$DznITe8OT79W..HSIYu.zOualWAMBDPZ8pIzvIx39JMz/KY2BylI6'),(370,'Лука','Голубев','https://randomuser.me/api/portraits/men/88.jpg',68,'male','Петровск','369Karine96@ya.ru','$2a$10$QLSYh97q/H8hY3mp3BI89ubx1PDuOS/6JdT09bxnRMLAL2/9UrU6W'),(371,'Герман','Яковлев','https://randomuser.me/api/portraits/men/16.jpg',61,'male','Высоцк','370Kelly80@mail.ru','$2a$10$UggfG.wOZEzKxbOv4.W24umb/5V9xZw0YLMRf4iHsVVjn/fhK54r6'),(372,'Клавдия','Виноградова','https://randomuser.me/api/portraits/women/95.jpg',25,'female','Зеленодольск','371Darwin0@yandex.ru','$2a$10$5oZREfyjabsZJ9FKghjhLugF5QJACXZtCvUnjV.DkyIJlI6UdRZga'),(373,'Семён','Колесников','https://randomuser.me/api/portraits/men/79.jpg',26,'male','Сенгилей','372Christ14@gmail.com','$2a$10$pb4bQ8VwQUpyzKnk3cgPveUn/guimu5/Nt59V3h8FXtzTQqbuKIPG'),(374,'Тамара','Константинова','https://randomuser.me/api/portraits/women/38.jpg',20,'female','Суджа','373Sedrick84@hotmail.com','$2a$10$AzgLX/eA/bEAj/Kp0p2myOXuarP79Uge6sFgZCzp1.9sk5a/TKYPi'),(375,'Валентин','Михайлов','https://randomuser.me/api/portraits/men/58.jpg',40,'male','Красноармейск','374Mya_1@yandex.ru','$2a$10$yfFfovYFLE.H/LcU/o7kHu92qkJNDSJi62ON2oh.BaBGmbJtrVigi'),(376,'Маргарита','Филатова','https://randomuser.me/api/portraits/women/26.jpg',63,'female','Ялта','375Eudora.@yandex.ru','$2a$10$FJThRk0zVjZxhORx2I2vQukKsZxOFi0a8dK.HawjINsOyUUYh4jbK'),(377,'Денис','Никонов','https://randomuser.me/api/portraits/men/1.jpg',15,'male','Усинск','376Brant_3@mail.ru','$2a$10$2puYgGBIJzvIG.KLcQqDW.5ut8bL6UWi7dXtHxA3gqSHX4OX6wQFO'),(378,'Людмила','Рябова','https://randomuser.me/api/portraits/women/8.jpg',60,'female','Кубинка','377Ethel98@mail.ru','$2a$10$yBc5fcbB.PWv20LtVQA/AOf.yJ9zYcBOpCfcVIgoyo8nV5AW5ChvG'),(379,'Эдуард','Тетерин','https://randomuser.me/api/portraits/men/37.jpg',27,'male','Зея','378Jennifer.59@hotmail.com','$2a$10$Gi1BKnzJ6ZD8mPLHMNHYMOyMcnMoD1CEcAdzjwC7npt3Cc9YqOrbK'),(380,'Светлана','Кулагина','https://randomuser.me/api/portraits/women/18.jpg',63,'female','Ядрин','379Bertrand49@gmail.com','$2a$10$6Z4Xq5p7wfc6iC1swyQql.Q38UCAabRoZhoqMskfWMzzVIpQgqA/i'),(381,'Тамара','Тетерина','https://randomuser.me/api/portraits/women/18.jpg',60,'female','Бежецк','380Darrick.89@hotmail.com','$2a$10$AdeuevhjYyRFgSyn0j5CAuiRZs.GeZmQfznGZ.8dqTuvEGHC4Y0vy'),(382,'Арсений','Кириллов','https://randomuser.me/api/portraits/men/25.jpg',46,'male','Южноуральск','381Guy.@yandex.ru','$2a$10$jjJ6JPzKy8U4d6g3YzT8s.6phUWySC3jD7jGJyY0/Lp7ccE5p9Msm'),(383,'Сергей','Лазарев','https://randomuser.me/api/portraits/men/7.jpg',15,'male','Бабаево','382Jena.41@mail.ru','$2a$10$xf9fubV.DLySssajZRQ/NehVVusd/x1JKd05u3CP8cOEkmuZlGugG'),(384,'Кира','Анисимова','https://randomuser.me/api/portraits/women/22.jpg',22,'female','Вязники','383Carmen.30@gmail.com','$2a$10$K7yIiA2zWeIRfwNeIZUcMuqpgBRlkPvIha/aZP1beVoOqOZMytGrG'),(385,'Никита','Максимов','https://randomuser.me/api/portraits/men/16.jpg',37,'male','Миньяр','384Rosie76@yahoo.com','$2a$10$YdT2rkCj2E/ckiOewlNl1.GY/gutjSlH6keh1785qKAZfvhKlftOS'),(386,'Юрий','Зайцев','https://randomuser.me/api/portraits/men/82.jpg',48,'male','Прокопьевск','385Lorenz_@yahoo.com','$2a$10$F.u1gFjWyAA9h.4i86SeWOOmKL9YQtiiC0zxI5r.eGNu602kkHnuC'),(387,'Никита','Жуков','https://randomuser.me/api/portraits/men/30.jpg',56,'male','Павлово','386Laney.62@ya.ru','$2a$10$efIrGvzpG0QaVWus.zr0VebEnL7MklvGwe6jGGv/kQZ70.VjWUzU2'),(388,'Анжелика','Степанова','https://randomuser.me/api/portraits/women/3.jpg',30,'female','Алапаевск','387Isaias.@yahoo.com','$2a$10$x2wGgtZL7PgiaxK826DZm.pq7KGVvYa8G4G4yHNqEI19P1oDKyCti'),(389,'Ангелина','Филиппова','https://randomuser.me/api/portraits/women/23.jpg',37,'female','Новокуйбышевск','388Maye43@gmail.com','$2a$10$JQznPvpUk6zarhuzop4ST.fWEXkhVYiZHqS/nJpqTZmBYZxPL7IZC'),(390,'Игнатий','Александров','https://randomuser.me/api/portraits/men/30.jpg',53,'male','Покров','389Kaya.31@hotmail.com','$2a$10$nb61dAz7atO8.TNxS8tbkOZSz2FTh9lylaK/vcyHfzC7e65qoiFL6'),(391,'Евгений','Крюков','https://randomuser.me/api/portraits/men/6.jpg',52,'male','Ясногорск','390Spencer46@ya.ru','$2a$10$MuwxmVSQom9d6JYfsXtfOOFpmMZ9JaVUkUdhfMbSoRa1ywD116RxO'),(392,'Роман','Ефимов','https://randomuser.me/api/portraits/men/77.jpg',37,'male','Маркс','391Marquis23@mail.ru','$2a$10$Ve2qv9GWwoF243UgJUnY1.3Gzct96c/FNsAmeqJ.fuPIJXxnK4Ch.'),(393,'Кира','Рожкова','https://randomuser.me/api/portraits/women/73.jpg',29,'female','Красноярск','392Judd_92@ya.ru','$2a$10$sSSU0iYoyZmNnCs705CYbeC0xtmHbIYyoW4tv/M7vN6s9IlLstd8a'),(394,'Станислав','Кулагин','https://randomuser.me/api/portraits/men/54.jpg',19,'male','Балашов','393Madilyn_17@yahoo.com','$2a$10$k5bA3BZsribsmug5eXvHfOMsF1uCFCs6khx8SJm1edMjJ7lsFoQk.'),(395,'Раиса','Андреева','https://randomuser.me/api/portraits/women/16.jpg',62,'female','Олёкминск','394Linda.@mail.ru','$2a$10$QcW62YAxgU/utLWddq.SB.ku.qlDGyzmWpDmqeSd9S14.e2aTawy2'),(396,'Лаврентий','Горбачев','https://randomuser.me/api/portraits/men/38.jpg',46,'male','Выкса','395Esther_77@gmail.com','$2a$10$cHCeVhiWJxzKcd26rmKyeON3yU93.GuwmbcHAiiMgvmRgiyRtvm46'),(397,'Людмила','Осипова','https://randomuser.me/api/portraits/women/45.jpg',14,'female','Лаишево','396Makenzie24@yandex.ru','$2a$10$WYJlriGwJJ6DVNtUkxloaeDQPodTzWPictaBQpDfRYMK87UCKU4m.'),(398,'Римма','Киселева','https://randomuser.me/api/portraits/women/83.jpg',48,'female','Норильск','397Urban.68@mail.ru','$2a$10$oFbz3vT5kRsxgHU/N8JhtO1f3dV1FXE9TFxMIjNJKNfGJeRaT5eCS'),(399,'Даниил','Кондратьев','https://randomuser.me/api/portraits/men/93.jpg',35,'male','Дубна','398Rosemarie_@mail.ru','$2a$10$62Mshuc6k.fmyumkONXeLeFnJnwXjSrHihRGjKOLDYaoJvVeioxCK'),(400,'Вадим','Гущин','https://randomuser.me/api/portraits/men/9.jpg',65,'male','Зеленодольск','399Spencer53@ya.ru','$2a$10$X8.c7cMA6tezpNhYUiORbudhql8OH0CJKutETPLY0qE4ojuwDmWnG'),(401,'Наталья','Зимина','https://randomuser.me/api/portraits/women/23.jpg',42,'female','Карталы','400Silas_@gmail.com','$2a$10$S.wsfDGgBpAMQu4I3J4zJ.J8J/T84R7Q6S/AOGLqb2XDmrLoKqKja'),(402,'София','Кошелева','https://randomuser.me/api/portraits/women/49.jpg',15,'female','Жердевка','401Estell97@yandex.ru','$2a$10$eakISE1Uqjq4hjmZ7fE6XOrKMO75z7Rr.bu9pqpq/ZvXM1AneEFOe'),(403,'Валерий','Воробьев','https://randomuser.me/api/portraits/men/17.jpg',34,'male','Темников','402Jaylen_@gmail.com','$2a$10$fQLH8MDAAJwLgdZASqSs6uOYn15.J2ixiOKy3Mvenr4WqVTRk6vb.'),(404,'Клавдия','Емельянова','https://randomuser.me/api/portraits/women/94.jpg',26,'female','Пересвет','403Lisette83@hotmail.com','$2a$10$AzA/q0LLpN1YStj8mQCor.s/emYX6iZQ2E.9BSqyM//vqT03WlLRy'),(405,'Станислав','Фокин','https://randomuser.me/api/portraits/men/30.jpg',66,'male','Билибино','404Russel_46@hotmail.com','$2a$10$5XHW6.sK0QJF9DJosWaWFOnSISXtzGY1.WhPUYMFaFfwLSUnAk2Pu'),(406,'Семён','Большаков','https://randomuser.me/api/portraits/men/52.jpg',29,'male','Новоуральск','405Donny24@gmail.com','$2a$10$IzonT0k6w.VQ18jnZWCJtuFaumS2C4pdQm3TaAPczvCO1lBfjQ0He'),(407,'Людмила','Зайцева','https://randomuser.me/api/portraits/women/28.jpg',28,'female','Вичуга','406Monique.@hotmail.com','$2a$10$MbvEFxKXsls.wxhrHuhYouelM312vlObhP1d19ByKqFGYf6vYVtky'),(408,'Ирина','Давыдова','https://randomuser.me/api/portraits/women/85.jpg',37,'female','Армянск','407Meta_98@gmail.com','$2a$10$TCEewOtX.9c.U8kzzgNqc.x7WLUl8Zh17mvTb7oPkRqqL2hR8rjy2'),(409,'Станислав','Александров','https://randomuser.me/api/portraits/men/27.jpg',34,'male','Троицк','408Ahmad_43@mail.ru','$2a$10$3ctxHdTocDgbBNS6UY9drebUIjOhFrnFXz6.BwKaadgT2drO91Wby'),(410,'Вячеслав','Тихонов','https://randomuser.me/api/portraits/men/46.jpg',59,'male','Дубовка','409Lucie5@gmail.com','$2a$10$SFE0zI1zqJ906.P9yHVSIumt2EYQF8HF1gznOY8.4i/ASfJHDUDlm'),(411,'Марина','Смирнова','https://randomuser.me/api/portraits/women/67.jpg',25,'female','Поворино','410Michel.6@mail.ru','$2a$10$i1Utf7SlgUPFbC5uIavN6u/HFwC5KsmUWFwIk.HArAn0eCEuBhD2m'),(412,'Василиса','Горбунова','https://randomuser.me/api/portraits/women/48.jpg',22,'female','Волгореченск','411Mose.49@hotmail.com','$2a$10$h/o.v42QJw6u.cJ0rhm4WOVfmZvVSlg7zxfY5oMW.BeDrZbhU.JCa'),(413,'Евгения','Борисова','https://randomuser.me/api/portraits/women/0.jpg',46,'female','Бирюсинск','412Laurie_36@hotmail.com','$2a$10$3ZPNNTYUCD7LhMF7ajjowelfIr21EkOcpHsc1mcwMG6ftAOFcI3SG'),(414,'Ксения','Сафонова','https://randomuser.me/api/portraits/women/73.jpg',63,'female','Камешково','413Karina.@mail.ru','$2a$10$64/mBUZ8gbFN1wcjUj5.7.grtikGLCXPvPQUb.XFW4PzhkUE4P3FO'),(415,'Григорий','Бирюков','https://randomuser.me/api/portraits/men/53.jpg',48,'male','Елизово','414Reyes1@ya.ru','$2a$10$L7mNQSbctH7EhV1Qwd0Af.p1ZgzbFTE2FkvAVZt6Je1m0OW2PYIjG'),(416,'Алевтина','Харитонова','https://randomuser.me/api/portraits/women/10.jpg',19,'female','Королёв','415Gunner.@yahoo.com','$2a$10$AE4jXIQsBfgSQF5FJx4EbeIsVaRbKguQuJIzri6YoTpM2AfcnAgL2'),(417,'Оксана','Жукова','https://randomuser.me/api/portraits/women/84.jpg',57,'female','Ликино-Дулёво','416Sidney94@hotmail.com','$2a$10$pT.qwV6yFJqREgWrw7Q0R.07.GFj0Ovd8H1V3CliQhNN.9jjLGg5K'),(418,'Владислав','Николаев','https://randomuser.me/api/portraits/men/8.jpg',63,'male','Краснотурьинск','417Willy_49@hotmail.com','$2a$10$uYUSfYTvQPyUg5OH582pCOXBNpiVwq90Ym/s/ymW3j7PB.c5BEKWa'),(419,'Елена','Родионова','https://randomuser.me/api/portraits/women/9.jpg',26,'female','Чкаловск','418Kaleigh_@ya.ru','$2a$10$RRX6W6HJh1wJq3tJSJIud.WRwQo30mN9yUcS/PyoffCvsaYvj/0pq'),(420,'Лариса','Гущина','https://randomuser.me/api/portraits/women/80.jpg',34,'female','Александров','419Della71@hotmail.com','$2a$10$IHIChzVHPdy/erYVuj6kXuNT7GETQAmM61695oW8dZtahWQpN40i2'),(421,'Василиса','Александрова','https://randomuser.me/api/portraits/women/15.jpg',23,'female','Коркино','420Mellie.75@mail.ru','$2a$10$5z.WKPqcXVwQF6AKaiH4POgHzes2hatlZY3NhiDtw6KbAbpsBEeG2'),(422,'Римма','Фадеева','https://randomuser.me/api/portraits/women/68.jpg',39,'female','Нижняя Салда','421Kelvin_94@gmail.com','$2a$10$lQ4F2ldS0sWxlRgC.btY9OLZwoXAGrx/6iR4FDaT.VhO/1ap9K0Ga'),(423,'Вячеслав','Дроздов','https://randomuser.me/api/portraits/men/39.jpg',47,'male','Благовещенск','422Nicholas.93@mail.ru','$2a$10$l7NLXpk/rHLI79TrIxg4hOTet0thboJklD4ggbYu691aqpMVg4fmW'),(424,'Анжела','Миронова','https://randomuser.me/api/portraits/women/86.jpg',70,'female','Тавда','423Clemens.@yandex.ru','$2a$10$.wMgBVZVpPriogSSzykm9O4uVEDrx4h5noKNOhfwsQWK1G0RFS9jK'),(425,'Татьяна','Маркова','https://randomuser.me/api/portraits/women/35.jpg',27,'female','Алексеевка','424Amy_67@mail.ru','$2a$10$DvX6LU6ioi0kWl/yPpfjq.oMrr6JYmDU9dQoTR9//wcd6UH4wH/n2'),(426,'София','Гаврилова','https://randomuser.me/api/portraits/women/92.jpg',59,'female','Нерчинск','425Creola_37@hotmail.com','$2a$10$r447yDlvUu9ZIu16z7Y/WurS4KFow/8N4fdH9P4LRvS5wphTqDEGC'),(427,'Лука','Федосеев','https://randomuser.me/api/portraits/men/30.jpg',26,'male','Карабаново','426Hosea_@yandex.ru','$2a$10$vgWdJaMwME0Ps.2rjc1OIefJCohW3Qf1VL2Jgm4bal.jEQntNu0a.'),(428,'Михаил','Красильников','https://randomuser.me/api/portraits/men/93.jpg',33,'male','Апшеронск','427Misty.11@mail.ru','$2a$10$tbcxFIdZaZwjIYCwA5AM6e4Atd4xPwABBngb0F2zMXIGXIGCWhxLK'),(429,'Иван','Фомичев','https://randomuser.me/api/portraits/men/31.jpg',33,'male','Надым','428Ivy16@yahoo.com','$2a$10$m356ddz7yv2YVmQ1t87J9emIgrx5SQLj2P2wk./plBWjayqAYrWhC'),(430,'Валерий','Носков','https://randomuser.me/api/portraits/men/94.jpg',47,'male','Нижнекамск','429Hillary.@yahoo.com','$2a$10$767KOH67Scq5bqL2jpE1YuEU5EYqN9r6TUOLwlevYp/amz0wfOJNm'),(431,'Арсений','Блинов','https://randomuser.me/api/portraits/men/73.jpg',15,'male','Светлый','430Tod72@hotmail.com','$2a$10$nY4qQwtLq1/J2ePWLNNvW.paGhlOKMZG5j3ZJ81PzAw9aac0lqTO6'),(432,'Анатолий','Беляев','https://randomuser.me/api/portraits/men/86.jpg',68,'male','Холмск','431Dawn_90@gmail.com','$2a$10$hKzCxHVEAzz1YlTbPSZ5uuIN3AypIxLskV1/EmJTJHpEm3oK.ZwXi'),(433,'Алексей','Тихонов','https://randomuser.me/api/portraits/men/27.jpg',58,'male','Приморск','432Dallin95@ya.ru','$2a$10$cPQSVAUobylpg4T1eNFJM.8dI2.RcqRO9Hw2TgV3LKX2lr8aSJJfu'),(434,'Артём','Муравьев','https://randomuser.me/api/portraits/men/45.jpg',27,'male','Нарьян-Мар','433Karley.@yandex.ru','$2a$10$NAhmPapHPdmaGEoF2PfateFJCtDvJLi3LIsE/SrGPG0HkvErfCeNa'),(435,'Георгий','Быков','https://randomuser.me/api/portraits/men/98.jpg',45,'male','Малоярославец','434Vladimir_53@yandex.ru','$2a$10$wy6mk2AwTG13/ftLOeNvMuyZnLYP9SJ7iKzKXkipCDNjxffM.23ya'),(436,'Маргарита','Алексеева','https://randomuser.me/api/portraits/women/50.jpg',37,'female','Миллерово','435Clarabelle7@yandex.ru','$2a$10$cl9biyE7fyT.Mii0f0/WTeGIwjoUYSy1ckwUrHUoeKlQeQLkmP7my'),(437,'Варвара','Рожкова','https://randomuser.me/api/portraits/women/88.jpg',18,'female','Гулькевичи','436Camren_@hotmail.com','$2a$10$1Ln2z5TotaOfQV2HsQhvBO3U9R17JDuR0dOJywFHndgsEEHLxKtPi'),(438,'Даниил','Сергеев','https://randomuser.me/api/portraits/men/50.jpg',55,'male','Чёрмоз','437Dereck_@yahoo.com','$2a$10$rdY.jrAP1wsxf7e7TDY/huwtFTcBuuNJZrAqBD.FruapF0U75HKqG'),(439,'Анжела','Бобылева','https://randomuser.me/api/portraits/women/3.jpg',68,'female','Ярцево','438Cyril.@yandex.ru','$2a$10$YcqvDhxdiCB58JUWjM6j6ORNCEqG40Sf5VtTJKkW4G1vy8oXCHniO'),(440,'Илья','Самсонов','https://randomuser.me/api/portraits/men/87.jpg',40,'male','Конаково','439Leanna_57@yahoo.com','$2a$10$qIdvbR0e1RcTmPQayV70kuR9hvPyk0GIIPx6ztI6EBKjO08Ib2lc6'),(441,'Дарья','Горшкова','https://randomuser.me/api/portraits/women/2.jpg',65,'female','Белово','440Demario.57@gmail.com','$2a$10$KMJ9Bq86ByCot1ViKlL2W.CC.VtbUmNmcPG8kbaRyiV.PyBQmcnU6'),(442,'Дарья','Максимова','https://randomuser.me/api/portraits/women/28.jpg',39,'female','Камбарка','441Armand_@yahoo.com','$2a$10$IskGZvlj3X8j1PXGkEJHIec8o66TyI1yxqNHDwGsHRiKJlavXup4m'),(443,'Андрей','Крюков','https://randomuser.me/api/portraits/men/44.jpg',44,'male','Нижний Ломов','442Viva63@mail.ru','$2a$10$SXMr1AnkIk5YlqQzclkhauZY9Jmg/qOHBC6mrb1U5FnfP2FWCQi0S'),(444,'Дарья','Боброва','https://randomuser.me/api/portraits/women/2.jpg',58,'female','Суджа','443Rey53@gmail.com','$2a$10$/mM7Q3HP81FZfgm0Dflmlu/Yojos/xfuJvZDXSkJ9DjA1JyhB6jh.'),(445,'Евгений','Макаров','https://randomuser.me/api/portraits/men/25.jpg',50,'male','Мариинский Посад','444Kristina_@yahoo.com','$2a$10$tztTcUMucfxz3r2f.gXYg.wDsz6hQ.gslF.mhlAk1FSxlD4ZKS0fK'),(446,'Светлана','Сидорова','https://randomuser.me/api/portraits/women/57.jpg',22,'female','Гремячинск','445Mallie.47@ya.ru','$2a$10$I6kKZcjNz79B6W/yNRdFhOvQU2NgHEwn7Jl26.EKRuVNaU2Csj1om'),(447,'Таисия','Самойлова','https://randomuser.me/api/portraits/women/69.jpg',58,'female','Старый Оскол','446Robin2@yahoo.com','$2a$10$3RAH4TeEZjJCkKpzT48jxueOb/BHG7BG1hUEP2aFV9R6cuRPSm7yK'),(448,'Вячеслав','Чернов','https://randomuser.me/api/portraits/men/91.jpg',15,'male','Катайск','447Carolyn.@yandex.ru','$2a$10$GccUPmHwuzMYyjWwkHAjIuJ/66zN4AQAC.YFStVhFs3jJ02Sf0Dr.'),(449,'Елена','Крюкова','https://randomuser.me/api/portraits/women/71.jpg',56,'female','Сердобск','448Thelma_27@gmail.com','$2a$10$0BpJmpyXAov8SQkxSggCL.JHlxJcPtKb2OehNoux/E4zMtmRyg0eu'),(450,'Раиса','Наумова','https://randomuser.me/api/portraits/women/40.jpg',62,'female','Нытва','449Jana_18@gmail.com','$2a$10$IedOdszhNXMUKpcbXMoJK.5Txy8UHVTOKiKKilmNb99K0ko7z1woi'),(451,'Алексей','Сафонов','https://randomuser.me/api/portraits/men/0.jpg',33,'male','Анадырь','450Norene76@yahoo.com','$2a$10$YNoMxSEpAEOIwWyLbGBFg.tbmrD.rVGzh3rffHsNfZC7NWH61vGnu'),(452,'Юлия','Тарасова','https://randomuser.me/api/portraits/women/44.jpg',36,'female','Гусев','451Cyril.69@yandex.ru','$2a$10$TrHakuEtkWz714dVku8XsOdZVmX3BXnNDoLpsE/rDtFgusPtyKHmu'),(453,'Герман','Шашков','https://randomuser.me/api/portraits/men/33.jpg',19,'male','Дзержинск','452Francesca11@yandex.ru','$2a$10$Nzf3dn.uGXh1WwOj/2a8/Oxfhi8TAj1vN9SAL5/7wORI9SfWj0nQ.'),(454,'Николай','Суханов','https://randomuser.me/api/portraits/men/90.jpg',16,'male','Рязань','453Sheila.35@mail.ru','$2a$10$ywQ5ml9DwiSldMCDy3uYwej/1UBG/ZEcGkQPRnZdLdD1ZkqYcz7qu'),(455,'Никита','Киселев','https://randomuser.me/api/portraits/men/53.jpg',14,'male','Искитим','454Madisyn0@yahoo.com','$2a$10$lerRGJmqVhx80nNN7cXuUehj/FMfTmXxddo3142IBkdcpObi/i9LG'),(456,'Екатерина','Федорова','https://randomuser.me/api/portraits/women/21.jpg',51,'female','Нестеров','455Nicolas_@ya.ru','$2a$10$SZoQxmp8IQGuQ.iVU7MI9euDQfdOcJViCNo0C3YUvP8eJfAw44x3y'),(457,'Николай','Гущин','https://randomuser.me/api/portraits/men/87.jpg',51,'male','Дзержинск','456Darlene.@yandex.ru','$2a$10$O5/bMrPnzAB8yf0UxNHJ8.C/6N/e3kTRMIGKoQaXQx82GfsswNNpC'),(458,'Валентин','Зуев','https://randomuser.me/api/portraits/men/86.jpg',61,'male','Фролово','457Lennie95@ya.ru','$2a$10$HCr/.Dti57Wi6DzyIoDCruwwcaGGu4bdHcrg7k8TnpummisaL4AJa'),(459,'Валерия','Блинова','https://randomuser.me/api/portraits/women/76.jpg',52,'female','Высоцк','458Palma48@yahoo.com','$2a$10$hQcgLxTc7BKfMHYpGUAnPuzJhp3SyVegiUL8dlunGyJYf1Me/I0Ti'),(460,'Аркадий','Исаев','https://randomuser.me/api/portraits/men/67.jpg',52,'male','Заречный','459Olga68@ya.ru','$2a$10$0O/wYKRYfKnIPjKWApIGM.1/Zy9GT8bIlVgdEX10ZNp/e3xtMkgXq'),(461,'Елена','Бобылева','https://randomuser.me/api/portraits/women/73.jpg',49,'female','Якутск','460Carole92@hotmail.com','$2a$10$GABSUiQpUdUCWKi4wAZUgurGEVHjsEPQAWo47CM1X9PQyrlzIl.2i'),(462,'Валерий','Зимин','https://randomuser.me/api/portraits/men/2.jpg',59,'male','Сысерть','461Willow_@yahoo.com','$2a$10$LZd3pjV6Sw918i7Tl3ZwEe4reil4jr2kkK45ruyk.AoEo38k9WPWK'),(463,'Наталья','Ильина','https://randomuser.me/api/portraits/women/87.jpg',22,'female','Называевск','462Ruben.29@gmail.com','$2a$10$.rcB1c8IsBwj8j8aa3dRvuyoSZi.G/KkxXvVMYC9aWA/YI/aGnIvq'),(464,'Анна','Денисова','https://randomuser.me/api/portraits/women/86.jpg',49,'female','Сухиничи','463Sheridan5@hotmail.com','$2a$10$YCkrc1ppWZNvOpPxYsnY8.iIiZyUG.eWVkzo4Hi1b/DurOx4nd7pC'),(465,'Мария','Калинина','https://randomuser.me/api/portraits/women/76.jpg',34,'female','Закаменск','464Daisy.@gmail.com','$2a$10$4X4DkXfczldBSCn1wYqPaugiiE8muEj.5FmqYGXSDC2baC0tafkjO'),(466,'Зинаида','Казакова','https://randomuser.me/api/portraits/women/83.jpg',62,'female','Харабали','465Kariane.@ya.ru','$2a$10$43K24koGktd0X1A/3lUqj.Kn3Qe6qFzHzofdls7U.1W3cZUptS4gu'),(467,'Василиса','Уварова','https://randomuser.me/api/portraits/women/27.jpg',49,'female','Урус-Мартан','466Melyssa.@yahoo.com','$2a$10$IQtJONAp/N2TnRgS/8DqOumV6b9y.8WdiFQAwnIJ1P5..hJwvFJIC'),(468,'Виктор','Сысоев','https://randomuser.me/api/portraits/men/5.jpg',13,'male','Перевоз','467Isabell.@mail.ru','$2a$10$j7Ohka20UexQ1ESqbWsmBuukP0m1ZIWoNNxwxnPhdfroQHPCHx4U.'),(469,'Римма','Лебедева','https://randomuser.me/api/portraits/women/40.jpg',66,'female','Сусуман','468Elvera77@hotmail.com','$2a$10$SS2sM5cTm7nzs7G6dcdmE.A5Gj3SuoLl5NVL2eYkINLYFS5poIaYW'),(470,'Денис','Орехов','https://randomuser.me/api/portraits/men/11.jpg',69,'male','Ногинск','469Hassan.69@ya.ru','$2a$10$5Q//TJtgJAGRH5mAJZKYk.ZMtr5gM6kGosmS5kseo7JQvUwg6vrhq'),(471,'Алина','Меркушева','https://randomuser.me/api/portraits/women/42.jpg',51,'female','Данилов','470Cyrus.@hotmail.com','$2a$10$IuFRFk2YtiJjgnUFDMMbs.j4pQ/qF5N0GlNKo2BF501MqmeJnu9uW'),(472,'Алина','Евсеева','https://randomuser.me/api/portraits/women/74.jpg',55,'female','Шали','471Delia.@yahoo.com','$2a$10$ciSe3od2Z5X3kYIh74vFiOS/bqBeV5NzzxyAZqjgcjtRIwRX6ZF26'),(473,'Валентин','Орехов','https://randomuser.me/api/portraits/men/52.jpg',47,'male','Инсар','472Esteban_32@yandex.ru','$2a$10$43hhw4ZB0LEa67OdNU9fmuqQ9GbY4EMuzJ2kKG.e./DJL6APsj1au'),(474,'Александра','Воробьева','https://randomuser.me/api/portraits/women/83.jpg',34,'female','Краснослободск','473Leonardo.@hotmail.com','$2a$10$WK1uMVV/Opf9CBZ8z0gYdenaJpwQF/fJyQ17Ht.JXIcptRiLuEtxy'),(475,'Игнатий','Захаров','https://randomuser.me/api/portraits/men/58.jpg',31,'male','Белореченск','474Tobin.@gmail.com','$2a$10$X891MPPLQo0Pnln6fs0dq.ceVnvBX.60HB5okXxEeG5JPzyL/Oa2K'),(476,'Оксана','Лазарева','https://randomuser.me/api/portraits/women/7.jpg',14,'female','Олёкминск','475Constantin41@ya.ru','$2a$10$MziQpWl3TKYIdz.qW7Qvzu4H3Ft4NIFbi/Abw66A6xWXL.fl7G.GC'),(477,'Василий','Емельянов','https://randomuser.me/api/portraits/men/94.jpg',17,'male','Краснослободск','476Eliane3@yandex.ru','$2a$10$qKYT7cDpOxNKeEJnOv6daeYKs3I6ZPmDhTAqJ4KqWQpqNK7neLAm2'),(478,'Матвей','Бобылев','https://randomuser.me/api/portraits/men/89.jpg',23,'male','Сафоново','477Isaac.@ya.ru','$2a$10$0pVGGbENSoDLzjO3zNHRh.9IITWZnmGmHFe4cH0d2o5HjYaMkYx3u'),(479,'Владислав','Муравьев','https://randomuser.me/api/portraits/men/91.jpg',28,'male','Сольвычегодск','478Stan2@yandex.ru','$2a$10$bGmx6eDKRfe4IuWUcb8BN.pGbPkSW3hCqdK8PwtN7nG60Bzzpy.eS'),(480,'Дмитрий','Горбунов','https://randomuser.me/api/portraits/men/42.jpg',22,'male','Аша','479Mary64@mail.ru','$2a$10$j1D0O96Mp5TT5G5G0p1jPOz25Mln28XMDKLusTiHzEZPq2RlBKRN6'),(481,'Варвара','Васильева','https://randomuser.me/api/portraits/women/62.jpg',18,'female','Кукмор','480Shane.@hotmail.com','$2a$10$VOSTexj/kpIgNL8zCEWrBez/qBwPq/4CwEzsSSh9Gu8cf6VsMH8Gq'),(482,'Лариса','Мишина','https://randomuser.me/api/portraits/women/46.jpg',43,'female','Дигора','481Mellie.@gmail.com','$2a$10$Oofp20nuiwTJrm5DbQMBE.oq4R6vKqQv3rgQ5kPYJEDH4t/4f7ica'),(483,'Игнатий','Брагин','https://randomuser.me/api/portraits/men/74.jpg',44,'male','Усть-Катав','482Douglas_@mail.ru','$2a$10$b1QN6HRuTG367OnyKHwLlOZk1abme3vQcH3yWxqu8CIaXqRxSIC9O'),(484,'Аркадий','Архипов','https://randomuser.me/api/portraits/men/97.jpg',64,'male','Спасск','483Russell_@ya.ru','$2a$10$XlNNoU/Kjz22TSoGAzdTiOVcA8rp.jT7viariMf65H4Y1/ynLAiTG'),(485,'Арсений','Савельев','https://randomuser.me/api/portraits/men/0.jpg',38,'male','Пущино','484Rick.74@mail.ru','$2a$10$cFLIGHaJuqbP5IxzM363f.hKcEG0BI.zeOhlM1RtHlxNDfUBUWSk6'),(486,'Макар','Белов','https://randomuser.me/api/portraits/men/68.jpg',69,'male','Оренбург','485Viva98@yandex.ru','$2a$10$Ptx1nEnxSJ67Ei6cUQfEmO2SnTTut1b2viLubhnCS7zrwVbBCgaje'),(487,'Иван','Носов','https://randomuser.me/api/portraits/men/42.jpg',59,'male','Североморск','486Doyle.59@yahoo.com','$2a$10$tMDlujiQaElBRyAIOEcWu.3.ZjljCJCzDTKbLvpwSdrSsoop0nbhq'),(488,'Ксения','Фролова','https://randomuser.me/api/portraits/women/36.jpg',24,'female','Сорск','487Tiffany.68@gmail.com','$2a$10$IF1IVXF3cbLLmw.x80LcoudqfzEBGcC8ThbXGxsRcVqYMnwv1Mv/e'),(489,'Анатолий','Ильин','https://randomuser.me/api/portraits/men/32.jpg',70,'male','Хилок','488Dashawn.20@mail.ru','$2a$10$rF.RvgpIodRoHsN4.Z6/Uetz/Lwl/o6iNv6R0NDnCtmIXRCjfUce.'),(490,'Раиса','Козлова','https://randomuser.me/api/portraits/women/64.jpg',51,'female','Алушта','489Magnolia_@yandex.ru','$2a$10$.2YZH73qidrQMGZeUGPHTOY3XZols0zwObDcm8tiXbi0Gw6PS97ZO'),(491,'Антон','Колесников','https://randomuser.me/api/portraits/men/32.jpg',65,'male','Волосово','490Lisandro_93@gmail.com','$2a$10$aw5Su9ukKeXfj42u4xiBQOydBCLsc7xxwaJomuQQQX37/VNGo57Wq'),(492,'Таисия','Лихачева','https://randomuser.me/api/portraits/women/23.jpg',20,'female','Миллерово','491Michel83@mail.ru','$2a$10$yFYFlYvmr0Eqg955t4npzOmYuOlNXFxxcvmNBpJksNUg5MXTwGXIO'),(493,'Раиса','Игнатьева','https://randomuser.me/api/portraits/women/66.jpg',34,'female','Малмыж','492Muhammad.@ya.ru','$2a$10$VKUj0KR/y1Sqd8yAX9a2BOzRsVjbxTw1EoUuliultlvc/gBld1sE2'),(494,'Юрий','Мишин','https://randomuser.me/api/portraits/men/81.jpg',37,'male','Кадников','493Dorthy_@gmail.com','$2a$10$j9/A5ju8ED/skIZrurbjVu5uuv2hOtv5g5iBmDKAtbEiHKnoj0SK6'),(495,'Сергей','Ермаков','https://randomuser.me/api/portraits/men/84.jpg',26,'male','Ленинск-Кузнецкий','494Dante71@hotmail.com','$2a$10$uKNL7k.2YJ1gxfnWCN1IV.HwG29W6JbwiaOWKXIS.FWez1rsbw/ky'),(496,'Жанна','Ковалева','https://randomuser.me/api/portraits/women/71.jpg',67,'female','Миньяр','495Zetta31@hotmail.com','$2a$10$09/2vdmpOW03ATMPyXZmAeVxNDrv48JdlKSWXw3TQPiZ3ucIvbzzu'),(497,'Егор','Данилов','https://randomuser.me/api/portraits/men/20.jpg',36,'male','Коммунар','496Letitia.@yahoo.com','$2a$10$0MikrA3n3PMyuebGg2uFPebPJAJd1mhtpypFVLb9STAXpfCUv5eoK'),(498,'Елена','Новикова','https://randomuser.me/api/portraits/women/53.jpg',41,'female','Козельск','497Elsa_@yandex.ru','$2a$10$KLBmzEiMbnM4m.6dG4leYOdAuZe4bF5k4qI.vlPq8bjcdUT.EUKm6'),(499,'Анатолий','Афанасьев','https://randomuser.me/api/portraits/men/65.jpg',46,'male','Назрань','498Korey_58@hotmail.com','$2a$10$KGaFoFTr7hElOJHtdVbJHOBXt2XHAKeUIFe0yOWQKZbSoCAe2be9i'),(500,'Дмитрий','Смирнов','https://randomuser.me/api/portraits/men/55.jpg',41,'male','Чайковский','499Lily20@hotmail.com','$2a$10$dRU9lzHg9.FNxS/VA3Q2duqur6L6bEG1jaBcQNY4GBEaZ9gSuvft2');
/*!40000 ALTER TABLE `user` ENABLE KEYS */;
UNLOCK TABLES;

--
-- Table structure for table `user_friend`
--

DROP TABLE IF EXISTS `user_friend`;
/*!40101 SET @saved_cs_client     = @@character_set_client */;
/*!50503 SET character_set_client = utf8mb4 */;
CREATE TABLE `user_friend` (
  `userFrom` int NOT NULL,
  `userTo` int NOT NULL,
  `reference` enum('friend','response','request','refusal') DEFAULT NULL,
  PRIMARY KEY (`userFrom`,`userTo`),
  KEY `userTo` (`userTo`),
  CONSTRAINT `user_friend_ibfk_1` FOREIGN KEY (`userFrom`) REFERENCES `user` (`id`),
  CONSTRAINT `user_friend_ibfk_2` FOREIGN KEY (`userTo`) REFERENCES `user` (`id`)
) ENGINE=InnoDB DEFAULT CHARSET=utf8mb4 COLLATE=utf8mb4_0900_ai_ci;
/*!40101 SET character_set_client = @saved_cs_client */;

--
-- Dumping data for table `user_friend`
--

LOCK TABLES `user_friend` WRITE;
/*!40000 ALTER TABLE `user_friend` DISABLE KEYS */;
/*!40000 ALTER TABLE `user_friend` ENABLE KEYS */;
UNLOCK TABLES;

--
-- Table structure for table `user_interest`
--

DROP TABLE IF EXISTS `user_interest`;
/*!40101 SET @saved_cs_client     = @@character_set_client */;
/*!50503 SET character_set_client = utf8mb4 */;
CREATE TABLE `user_interest` (
  `userId` int NOT NULL,
  `interestId` int NOT NULL,
  PRIMARY KEY (`userId`,`interestId`),
  KEY `interestId` (`interestId`),
  CONSTRAINT `user_interest_ibfk_1` FOREIGN KEY (`userId`) REFERENCES `user` (`id`),
  CONSTRAINT `user_interest_ibfk_2` FOREIGN KEY (`interestId`) REFERENCES `interest` (`id`) ON DELETE CASCADE
) ENGINE=InnoDB DEFAULT CHARSET=utf8mb4 COLLATE=utf8mb4_0900_ai_ci;
/*!40101 SET character_set_client = @saved_cs_client */;

--
-- Dumping data for table `user_interest`
--

LOCK TABLES `user_interest` WRITE;
/*!40000 ALTER TABLE `user_interest` DISABLE KEYS */;
INSERT INTO `user_interest` VALUES (1,1),(2,1),(3,1),(4,1),(5,1),(6,1),(8,1),(10,1),(11,1),(12,1),(14,1),(16,1),(18,1),(19,1),(21,1),(24,1),(25,1),(26,1),(29,1),(30,1),(34,1),(35,1),(36,1),(38,1),(39,1),(40,1),(41,1),(44,1),(46,1),(47,1),(49,1),(50,1),(51,1),(53,1),(55,1),(56,1),(57,1),(58,1),(59,1),(60,1),(61,1),(63,1),(64,1),(65,1),(66,1),(67,1),(68,1),(69,1),(70,1),(71,1),(72,1),(73,1),(74,1),(77,1),(80,1),(81,1),(82,1),(83,1),(85,1),(86,1),(87,1),(89,1),(92,1),(94,1),(95,1),(96,1),(97,1),(99,1),(100,1),(101,1),(103,1),(104,1),(105,1),(106,1),(107,1),(108,1),(110,1),(111,1),(112,1),(114,1),(115,1),(116,1),(117,1),(118,1),(119,1),(122,1),(123,1),(126,1),(127,1),(128,1),(129,1),(130,1),(131,1),(132,1),(133,1),(135,1),(137,1),(141,1),(142,1),(143,1),(146,1),(147,1),(148,1),(149,1),(151,1),(152,1),(155,1),(156,1),(158,1),(159,1),(160,1),(162,1),(163,1),(164,1),(166,1),(167,1),(168,1),(171,1),(172,1),(174,1),(176,1),(177,1),(178,1),(179,1),(181,1),(185,1),(186,1),(189,1),(195,1),(197,1),(199,1),(202,1),(207,1),(208,1),(211,1),(213,1),(215,1),(216,1),(218,1),(219,1),(221,1),(226,1),(229,1),(231,1),(232,1),(233,1),(234,1),(237,1),(240,1),(241,1),(242,1),(244,1),(246,1),(247,1),(249,1),(250,1),(251,1),(254,1),(255,1),(256,1),(257,1),(258,1),(260,1),(262,1),(263,1),(264,1),(266,1),(267,1),(269,1),(270,1),(271,1),(272,1),(276,1),(277,1),(278,1),(279,1),(281,1),(282,1),(284,1),(285,1),(287,1),(288,1),(289,1),(290,1),(293,1),(294,1),(295,1),(296,1),(297,1),(298,1),(299,1),(300,1),(302,1),(304,1),(307,1),(311,1),(312,1),(315,1),(319,1),(320,1),(322,1),(323,1),(325,1),(326,1),(327,1),(328,1),(329,1),(332,1),(333,1),(336,1),(337,1),(338,1),(339,1),(341,1),(344,1),(345,1),(347,1),(349,1),(351,1),(352,1),(355,1),(356,1),(357,1),(358,1),(359,1),(360,1),(364,1),(367,1),(369,1),(370,1),(372,1),(373,1),(374,1),(375,1),(376,1),(377,1),(380,1),(381,1),(383,1),(384,1),(385,1),(386,1),(387,1),(388,1),(389,1),(391,1),(392,1),(393,1),(394,1),(395,1),(396,1),(399,1),(400,1),(401,1),(402,1),(404,1),(405,1),(406,1),(407,1),(408,1),(413,1),(414,1),(415,1),(416,1),(417,1),(418,1),(419,1),(421,1),(424,1),(425,1),(426,1),(427,1),(428,1),(430,1),(431,1),(432,1),(433,1),(434,1),(437,1),(438,1),(443,1),(445,1),(446,1),(447,1),(448,1),(449,1),(450,1),(451,1),(453,1),(454,1),(458,1),(459,1),(463,1),(464,1),(465,1),(466,1),(468,1),(469,1),(472,1),(473,1),(474,1),(476,1),(477,1),(478,1),(480,1),(481,1),(483,1),(486,1),(490,1),(491,1),(492,1),(494,1),(495,1),(497,1),(498,1),(499,1),(500,1),(1,2),(2,2),(3,2),(4,2),(7,2),(11,2),(12,2),(13,2),(14,2),(15,2),(16,2),(17,2),(19,2),(20,2),(21,2),(23,2),(24,2),(25,2),(26,2),(27,2),(33,2),(34,2),(39,2),(40,2),(41,2),(44,2),(45,2),(47,2),(49,2),(50,2),(51,2),(52,2),(53,2),(54,2),(55,2),(59,2),(61,2),(63,2),(64,2),(65,2),(66,2),(68,2),(71,2),(72,2),(74,2),(76,2),(77,2),(78,2),(80,2),(81,2),(84,2),(85,2),(86,2),(88,2),(90,2),(92,2),(94,2),(96,2),(99,2),(100,2),(102,2),(103,2),(105,2),(106,2),(107,2),(108,2),(110,2),(111,2),(112,2),(113,2),(114,2),(115,2),(116,2),(118,2),(119,2),(120,2),(122,2),(124,2),(125,2),(128,2),(129,2),(131,2),(132,2),(135,2),(136,2),(137,2),(139,2),(140,2),(142,2),(145,2),(151,2),(153,2),(154,2),(158,2),(163,2),(164,2),(165,2),(166,2),(167,2),(168,2),(169,2),(172,2),(173,2),(174,2),(175,2),(179,2),(180,2),(181,2),(183,2),(185,2),(186,2),(187,2),(188,2),(189,2),(191,2),(192,2),(195,2),(196,2),(198,2),(201,2),(204,2),(205,2),(206,2),(207,2),(210,2),(211,2),(212,2),(213,2),(214,2),(218,2),(219,2),(220,2),(221,2),(225,2),(226,2),(229,2),(230,2),(231,2),(236,2),(239,2),(241,2),(242,2),(243,2),(245,2),(248,2),(250,2),(251,2),(253,2),(255,2),(259,2),(260,2),(264,2),(265,2),(268,2),(270,2),(271,2),(272,2),(274,2),(275,2),(276,2),(278,2),(279,2),(280,2),(281,2),(282,2),(283,2),(284,2),(285,2),(287,2),(288,2),(289,2),(291,2),(293,2),(294,2),(295,2),(297,2),(298,2),(299,2),(300,2),(301,2),(302,2),(303,2),(304,2),(305,2),(308,2),(312,2),(315,2),(316,2),(317,2),(318,2),(320,2),(321,2),(323,2),(327,2),(328,2),(329,2),(332,2),(333,2),(336,2),(339,2),(340,2),(343,2),(344,2),(345,2),(346,2),(347,2),(348,2),(349,2),(350,2),(351,2),(352,2),(354,2),(355,2),(356,2),(357,2),(358,2),(359,2),(360,2),(362,2),(364,2),(366,2),(367,2),(368,2),(370,2),(371,2),(372,2),(373,2),(374,2),(375,2),(376,2),(377,2),(380,2),(381,2),(383,2),(384,2),(385,2),(386,2),(387,2),(388,2),(389,2),(390,2),(391,2),(392,2),(393,2),(395,2),(396,2),(399,2),(401,2),(402,2),(403,2),(404,2),(405,2),(412,2),(413,2),(414,2),(416,2),(417,2),(418,2),(419,2),(421,2),(422,2),(424,2),(426,2),(427,2),(428,2),(429,2),(431,2),(432,2),(434,2),(435,2),(436,2),(437,2),(440,2),(441,2),(443,2),(444,2),(445,2),(447,2),(448,2),(449,2),(451,2),(454,2),(455,2),(456,2),(459,2),(461,2),(462,2),(463,2),(464,2),(465,2),(468,2),(469,2),(470,2),(471,2),(472,2),(474,2),(476,2),(478,2),(480,2),(482,2),(486,2),(491,2),(493,2),(494,2),(495,2),(496,2),(498,2),(499,2),(500,2),(1,3),(2,3),(3,3),(4,3),(8,3),(11,3),(12,3),(14,3),(15,3),(16,3),(17,3),(18,3),(21,3),(24,3),(25,3),(30,3),(34,3),(37,3),(39,3),(40,3),(43,3),(47,3),(49,3),(50,3),(51,3),(52,3),(53,3),(54,3),(55,3),(59,3),(65,3),(66,3),(67,3),(69,3),(70,3),(71,3),(72,3),(74,3),(75,3),(76,3),(77,3),(79,3),(80,3),(81,3),(83,3),(84,3),(85,3),(89,3),(93,3),(94,3),(95,3),(96,3),(97,3),(99,3),(100,3),(101,3),(103,3),(106,3),(108,3),(110,3),(112,3),(113,3),(114,3),(115,3),(118,3),(123,3),(124,3),(125,3),(127,3),(129,3),(131,3),(134,3),(135,3),(136,3),(137,3),(138,3),(140,3),(141,3),(142,3),(143,3),(144,3),(146,3),(149,3),(150,3),(151,3),(153,3),(154,3),(156,3),(157,3),(158,3),(160,3),(161,3),(162,3),(163,3),(164,3),(166,3),(167,3),(168,3),(169,3),(171,3),(172,3),(173,3),(181,3),(182,3),(185,3),(186,3),(188,3),(189,3),(190,3),(191,3),(193,3),(194,3),(195,3),(196,3),(197,3),(198,3),(202,3),(204,3),(205,3),(207,3),(208,3),(210,3),(211,3),(212,3),(213,3),(214,3),(218,3),(220,3),(221,3),(223,3),(225,3),(226,3),(227,3),(228,3),(229,3),(230,3),(231,3),(232,3),(234,3),(237,3),(238,3),(239,3),(241,3),(242,3),(243,3),(244,3),(245,3),(248,3),(250,3),(254,3),(257,3),(260,3),(261,3),(262,3),(263,3),(265,3),(266,3),(267,3),(269,3),(271,3),(272,3),(274,3),(276,3),(277,3),(280,3),(282,3),(284,3),(285,3),(287,3),(293,3),(295,3),(297,3),(298,3),(299,3),(300,3),(302,3),(303,3),(304,3),(305,3),(306,3),(308,3),(309,3),(310,3),(311,3),(312,3),(313,3),(315,3),(318,3),(319,3),(320,3),(322,3),(323,3),(324,3),(327,3),(328,3),(329,3),(330,3),(331,3),(332,3),(333,3),(336,3),(338,3),(339,3),(340,3),(341,3),(342,3),(343,3),(344,3),(345,3),(346,3),(348,3),(350,3),(351,3),(352,3),(353,3),(355,3),(356,3),(357,3),(358,3),(359,3),(360,3),(369,3),(370,3),(371,3),(372,3),(373,3),(375,3),(377,3),(378,3),(383,3),(385,3),(386,3),(387,3),(389,3),(392,3),(395,3),(396,3),(401,3),(403,3),(404,3),(405,3),(406,3),(411,3),(413,3),(414,3),(417,3),(421,3),(423,3),(425,3),(426,3),(428,3),(430,3),(431,3),(434,3),(437,3),(440,3),(442,3),(443,3),(445,3),(452,3),(455,3),(458,3),(460,3),(461,3),(462,3),(463,3),(464,3),(465,3),(469,3),(470,3),(471,3),(472,3),(473,3),(474,3),(475,3),(476,3),(477,3),(479,3),(480,3),(484,3),(485,3),(486,3),(489,3),(491,3),(492,3),(494,3),(496,3),(497,3),(498,3),(499,3),(500,3),(1,4),(2,4),(4,4),(7,4),(8,4),(11,4),(12,4),(13,4),(14,4),(16,4),(17,4),(19,4),(20,4),(21,4),(25,4),(26,4),(28,4),(30,4),(31,4),(32,4),(35,4),(36,4),(38,4),(41,4),(47,4),(48,4),(49,4),(51,4),(52,4),(53,4),(55,4),(58,4),(61,4),(63,4),(65,4),(68,4),(69,4),(71,4),(72,4),(74,4),(75,4),(77,4),(78,4),(80,4),(81,4),(84,4),(86,4),(91,4),(92,4),(93,4),(94,4),(96,4),(97,4),(98,4),(100,4),(104,4),(105,4),(106,4),(107,4),(108,4),(110,4),(112,4),(113,4),(114,4),(115,4),(117,4),(118,4),(119,4),(121,4),(122,4),(123,4),(124,4),(125,4),(127,4),(131,4),(134,4),(135,4),(136,4),(139,4),(141,4),(142,4),(143,4),(144,4),(150,4),(151,4),(152,4),(154,4),(156,4),(158,4),(159,4),(164,4),(166,4),(167,4),(168,4),(169,4),(170,4),(171,4),(172,4),(175,4),(179,4),(181,4),(187,4),(188,4),(189,4),(191,4),(194,4),(195,4),(197,4),(198,4),(199,4),(201,4),(202,4),(203,4),(205,4),(207,4),(208,4),(209,4),(210,4),(211,4),(212,4),(213,4),(214,4),(215,4),(217,4),(218,4),(219,4),(221,4),(222,4),(223,4),(226,4),(228,4),(229,4),(230,4),(231,4),(232,4),(234,4),(235,4),(236,4),(237,4),(238,4),(239,4),(241,4),(242,4),(243,4),(244,4),(245,4),(247,4),(248,4),(249,4),(250,4),(251,4),(252,4),(254,4),(258,4),(259,4),(260,4),(262,4),(263,4),(266,4),(267,4),(268,4),(269,4),(270,4),(271,4),(272,4),(273,4),(274,4),(276,4),(277,4),(279,4),(280,4),(282,4),(283,4),(284,4),(285,4),(286,4),(287,4),(288,4),(289,4),(291,4),(292,4),(293,4),(295,4),(296,4),(298,4),(299,4),(300,4),(301,4),(302,4),(304,4),(306,4),(308,4),(309,4),(310,4),(312,4),(313,4),(315,4),(317,4),(318,4),(319,4),(320,4),(321,4),(323,4),(326,4),(327,4),(329,4),(331,4),(333,4),(334,4),(335,4),(336,4),(338,4),(339,4),(340,4),(341,4),(344,4),(345,4),(347,4),(349,4),(350,4),(351,4),(352,4),(354,4),(355,4),(356,4),(358,4),(359,4),(360,4),(361,4),(365,4),(367,4),(369,4),(370,4),(372,4),(374,4),(375,4),(376,4),(378,4),(379,4),(380,4),(381,4),(382,4),(383,4),(384,4),(385,4),(386,4),(387,4),(388,4),(389,4),(392,4),(395,4),(396,4),(400,4),(401,4),(403,4),(405,4),(406,4),(409,4),(410,4),(413,4),(414,4),(417,4),(418,4),(420,4),(421,4),(422,4),(424,4),(427,4),(428,4),(429,4),(435,4),(437,4),(438,4),(441,4),(442,4),(443,4),(446,4),(447,4),(448,4),(449,4),(450,4),(451,4),(454,4),(457,4),(458,4),(459,4),(460,4),(462,4),(463,4),(464,4),(466,4),(469,4),(470,4),(471,4),(472,4),(473,4),(476,4),(478,4),(480,4),(484,4),(485,4),(491,4),(492,4),(493,4),(494,4),(495,4),(496,4),(497,4),(498,4),(499,4),(500,4),(1,5),(2,5),(3,5),(4,5),(5,5),(6,5),(8,5),(9,5),(10,5),(11,5),(12,5),(16,5),(18,5),(19,5),(20,5),(22,5),(23,5),(24,5),(25,5),(26,5),(28,5),(31,5),(33,5),(34,5),(35,5),(36,5),(39,5),(41,5),(42,5),(44,5),(45,5),(47,5),(48,5),(49,5),(51,5),(52,5),(55,5),(57,5),(58,5),(59,5),(61,5),(62,5),(63,5),(64,5),(65,5),(66,5),(69,5),(71,5),(72,5),(73,5),(74,5),(77,5),(80,5),(81,5),(84,5),(86,5),(87,5),(89,5),(90,5),(92,5),(94,5),(96,5),(97,5),(98,5),(99,5),(100,5),(105,5),(106,5),(107,5),(108,5),(109,5),(110,5),(111,5),(114,5),(115,5),(117,5),(118,5),(119,5),(121,5),(122,5),(123,5),(124,5),(125,5),(131,5),(133,5),(134,5),(135,5),(136,5),(140,5),(141,5),(142,5),(143,5),(144,5),(148,5),(150,5),(151,5),(153,5),(154,5),(156,5),(158,5),(159,5),(162,5),(163,5),(164,5),(166,5),(167,5),(169,5),(170,5),(171,5),(172,5),(173,5),(174,5),(176,5),(177,5),(179,5),(180,5),(181,5),(183,5),(184,5),(185,5),(186,5),(188,5),(192,5),(194,5),(195,5),(196,5),(198,5),(200,5),(201,5),(202,5),(204,5),(208,5),(210,5),(211,5),(212,5),(213,5),(214,5),(217,5),(218,5),(219,5),(221,5),(224,5),(225,5),(226,5),(227,5),(231,5),(232,5),(234,5),(235,5),(236,5),(237,5),(240,5),(241,5),(243,5),(245,5),(246,5),(247,5),(248,5),(249,5),(250,5),(251,5),(252,5),(253,5),(254,5),(257,5),(258,5),(259,5),(260,5),(262,5),(264,5),(265,5),(266,5),(267,5),(270,5),(271,5),(272,5),(273,5),(274,5),(275,5),(276,5),(277,5),(279,5),(282,5),(283,5),(284,5),(285,5),(287,5),(288,5),(291,5),(292,5),(295,5),(296,5),(297,5),(298,5),(299,5),(300,5),(301,5),(302,5),(303,5),(304,5),(305,5),(306,5),(308,5),(309,5),(310,5),(312,5),(314,5),(315,5),(317,5),(319,5),(320,5),(323,5),(327,5),(328,5),(329,5),(333,5),(335,5),(336,5),(338,5),(341,5),(342,5),(344,5),(345,5),(347,5),(348,5),(351,5),(352,5),(355,5),(356,5),(357,5),(359,5),(360,5),(363,5),(366,5),(367,5),(369,5),(370,5),(371,5),(372,5),(373,5),(375,5),(376,5),(377,5),(380,5),(381,5),(383,5),(385,5),(386,5),(387,5),(388,5),(389,5),(390,5),(392,5),(394,5),(395,5),(396,5),(397,5),(398,5),(399,5),(400,5),(401,5),(402,5),(403,5),(404,5),(405,5),(406,5),(409,5),(410,5),(412,5),(414,5),(415,5),(416,5),(417,5),(419,5),(421,5),(422,5),(423,5),(424,5),(425,5),(431,5),(434,5),(435,5),(436,5),(437,5),(438,5),(439,5),(441,5),(443,5),(446,5),(447,5),(449,5),(450,5),(451,5),(452,5),(453,5),(454,5),(455,5),(458,5),(460,5),(461,5),(464,5),(465,5),(466,5),(467,5),(468,5),(469,5),(470,5),(471,5),(472,5),(473,5),(474,5),(476,5),(477,5),(478,5),(480,5),(481,5),(482,5),(485,5),(487,5),(488,5),(489,5),(492,5),(494,5),(497,5),(498,5),(499,5),(500,5);
/*!40000 ALTER TABLE `user_interest` ENABLE KEYS */;
UNLOCK TABLES;
/*!40103 SET TIME_ZONE=@OLD_TIME_ZONE */;

/*!40101 SET SQL_MODE=@OLD_SQL_MODE */;
/*!40014 SET FOREIGN_KEY_CHECKS=@OLD_FOREIGN_KEY_CHECKS */;
/*!40014 SET UNIQUE_CHECKS=@OLD_UNIQUE_CHECKS */;
/*!40101 SET CHARACTER_SET_CLIENT=@OLD_CHARACTER_SET_CLIENT */;
/*!40101 SET CHARACTER_SET_RESULTS=@OLD_CHARACTER_SET_RESULTS */;
/*!40101 SET COLLATION_CONNECTION=@OLD_COLLATION_CONNECTION */;
/*!40111 SET SQL_NOTES=@OLD_SQL_NOTES */;

-- Dump completed on 2021-11-14  9:29:22
